"","accession","Description","logFC","logCPM","F","PValue","FDR"
"1","OEU08040.1","hypothetical protein FRACYDRAFT_271832 [Fragilariopsis cylindrus CCMP1102]",3.11790193579941,9.62185222934193,59.8273781936525,1.48816199878811e-05,0.0201943583235547
"2","OEU16390.1","thiamine biosynthesis protein thiC [Fragilariopsis cylindrus CCMP1102]",-2.30178409085944,9.61808069276833,42.2983303022929,6.54626793336643e-05,0.0444164279278912
"3","OEU17510.1","60S ribosomal protein L24 [Fragilariopsis cylindrus CCMP1102]",-1.81137471099557,9.74112707849013,36.6495594051873,0.000117861017919766,0.0533124671057075
"4","OEU23398.1","barren-domain-containing protein [Fragilariopsis cylindrus CCMP1102]",1.38880838614952,10.7127393202004,30.7024747771717,0.000238237120023521,0.0653540706523051
"5","OEU08856.1","GTP-binding protein EngA [Fragilariopsis cylindrus CCMP1102]",-1.91040094312969,9.09225986751772,30.6182147970891,0.000240803502771942,0.0653540706523051
"6","OEU12584.1","chromosome assembly protein [Fragilariopsis cylindrus CCMP1102]",1.49698488949734,9.94709597613515,24.1912174539189,0.000588251968010866,0.133042986765124
"7","OEU08435.1","Flavocytochrome c [Fragilariopsis cylindrus CCMP1102]",1.45059647223021,9.81131905729729,21.8490565372941,0.000851340972511244,0.165038528528251
"8","OEU15214.1","P-loop containing nucleoside triphosphate hydrolase protein [Fragilariopsis cylindrus CCMP1102]",-1.80817616410243,9.01995465000375,18.5653269384957,0.00150420760624416,0.242439401338582
"9","OEU19288.1","hypothetical protein FRACYDRAFT_235337 [Fragilariopsis cylindrus CCMP1102]",2.88721176396745,7.93469408225356,21.8165203096132,0.00160792528522273,0.242439401338582
"10","OEU23066.1","P-loop containing nucleoside triphosphate hydrolase protein [Fragilariopsis cylindrus CCMP1102]",1.45484582649436,9.14997125197546,17.6157158465439,0.00179640145239158,0.243771677089537
"11","OEU13881.1","hypothetical protein FRACYDRAFT_262424 [Fragilariopsis cylindrus CCMP1102]",1.48469438249792,9.23314873647959,16.0845728315253,0.00242566576803748,0.299238949747896
"12","OEU20131.1","hypothetical protein FRACYDRAFT_236198 [Fragilariopsis cylindrus CCMP1102]",-2.34952743674594,8.96154584467261,15.460929315572,0.00277969255271095,0.3141462676078
"13","OEU17620.1","hypothetical protein FRACYDRAFT_275154 [Fragilariopsis cylindrus CCMP1102]",-1.23543530112047,9.50290572352261,19.0591602362385,0.00300950735364879,0.3141462676078
"14","OEU18398.1","DEAD-domain-containing protein [Fragilariopsis cylindrus CCMP1102]",-1.0699083716472,10.0242205300567,13.820084165902,0.00392217199115016,0.38017052799934
"15","OEU20259.1","hypothetical protein FRACYDRAFT_260278 [Fragilariopsis cylindrus CCMP1102]",0.917333246216264,10.7224751127299,13.275848898298,0.00443477587524938,0.384165172153704
"16","OEU15576.1","protoporphyrin IX Mg-chelatase subunit D [Fragilariopsis cylindrus CCMP1102]",-0.948889747565953,10.3600181407026,13.1111938346987,0.00460550717303895,0.384165172153704
"17","OEU15125.1","charged multivesicular body protein [Fragilariopsis cylindrus CCMP1102]",1.40426298170271,10.0188781374741,12.9130327184677,0.00485561969258772,0.384165172153704
"18","OEU10171.1","hypothetical protein FRACYDRAFT_173335 [Fragilariopsis cylindrus CCMP1102]",-0.668203471622736,10.8747421702555,12.6764609434157,0.00509577973380005,0.384165172153704
"19","OEU16003.1","porphobilinogen synthase [Fragilariopsis cylindrus CCMP1102]",-1.50056464881772,10.4369054675026,11.3365625037037,0.00722510002100746,0.516024248868796
"20","OEU17057.1","hypothetical protein FRACYDRAFT_239660 [Fragilariopsis cylindrus CCMP1102]",1.47243025452663,8.63694587717795,16.7190187821489,0.00837992217641391,0.568577719669684
"21","OEU13503.1","hypothetical protein FRACYDRAFT_241836 [Fragilariopsis cylindrus CCMP1102]",1.19127360866484,10.1205158984928,10.0111897880639,0.0100190021640095,0.64741837793147
"22","OEU20628.1","(E)-4-hydroxy-3-methylbut-2-enyl diphosphate synthase [Fragilariopsis cylindrus CCMP1102]",-0.802266385412501,10.0774652383946,11.9984123380074,0.0120128394805172,0.740973780684627
"23","OEU20689.1","Ribonuc_red_lgC-domain-containing protein [Fragilariopsis cylindrus CCMP1102]",-1.10667601349324,9.26943584009557,12.1022023169448,0.0132675650625995,0.763120274050184
"24","OEU07775.1","putative dehydroascorbate reductase [Fragilariopsis cylindrus CCMP1102]",-0.794448933348031,10.1260811636132,8.92240969336146,0.0134966002779694,0.763120274050184
"25","OEU18066.1","protoporphyrin IX Mg-chelatase subunit H [Fragilariopsis cylindrus CCMP1102]",-1.49282631062544,8.69170382230642,10.9911096840124,0.0153305404175387,0.832141733864
"26","OEU21646.1","methionine sulfoxide reductase B [Fragilariopsis cylindrus CCMP1102]",-1.40102056614572,8.74015948567888,10.5392649573812,0.0178414965905298,0.931188879744191
"27","OEU20813.1","putative GDP-mannose 4,6-dehydratase [Fragilariopsis cylindrus CCMP1102]",-1.46118526309141,8.65304741142348,13.3019516724877,0.0195236516686851,0.981244270903912
"28","OEU08698.1","putative glutathione S-transferase [Fragilariopsis cylindrus CCMP1102]",1.04762372147895,9.21209408786378,7.41532239352765,0.021261414823516,0.995226959676959
"29","OEU12494.1","hypothetical protein FRACYDRAFT_191288, partial [Fragilariopsis cylindrus CCMP1102]",-0.682280807572718,11.3652533960955,7.37482002294004,0.021536168136585,0.995226959676959
"30","OEU17774.1","FAD-binding domain-containing protein [Fragilariopsis cylindrus CCMP1102]",0.96589313924216,9.40314440232829,12.7597091368611,0.0227626177143064,0.995226959676959
"31","OEU13317.1","hypothetical protein FRACYDRAFT_241655 [Fragilariopsis cylindrus CCMP1102]",-0.876923688546816,9.95724830701335,7.07141194185649,0.0237375891015338,0.995226959676959
"32","OEU09370.1","WD40 repeat-like protein [Fragilariopsis cylindrus CCMP1102]",-0.775241721312447,10.268207318434,6.96766970223931,0.0245524280220613,0.995226959676959
"33","OEU17651.1","FAD-linked oxidoreductase [Fragilariopsis cylindrus CCMP1102]",-1.00073446930581,9.31997971318735,14.4894198230199,0.0245833218000164,0.995226959676959
"34","OEU13382.1","hypothetical protein FRACYDRAFT_170947, partial [Fragilariopsis cylindrus CCMP1102]",-0.514401815676399,11.0137681146592,6.79124262890022,0.02601775772042,0.995226959676959
"35","OEU08538.1","hypothetical protein FRACYDRAFT_174052, partial [Fragilariopsis cylindrus CCMP1102]",1.5005512348279,9.69730849668034,6.44354946284333,0.0297224956414028,0.995226959676959
"36","OEU17546.1","proteasome subunit alpha [Fragilariopsis cylindrus CCMP1102]",1.40079813185983,10.4992337493709,6.30746723252994,0.0311199560727618,0.995226959676959
"37","OEU20754.1","P-type ATPase [Fragilariopsis cylindrus CCMP1102]",0.837029544465918,9.84547958088361,6.23715940552182,0.0313661162396567,0.995226959676959
"38","OEU15601.1","WD40 repeat-like protein, partial [Fragilariopsis cylindrus CCMP1102]",-0.699052507534812,10.0110908584882,6.17200987690877,0.0320795900184497,0.995226959676959
"39","OEU21863.1","peptidyl-prolyl cis-trans isomerase B [Fragilariopsis cylindrus CCMP1102]",0.833300553046009,9.37927777505925,6.77691821807243,0.0338375275476323,0.995226959676959
"40","OEU08126.1","Carboxyl_trans-domain-containing protein, partial [Fragilariopsis cylindrus CCMP1102]",-0.484183199036623,11.3564270262261,5.90987245362245,0.0351583044239257,0.995226959676959
"41","OEU22171.1","Band_7-domain-containing protein [Fragilariopsis cylindrus CCMP1102]",0.735113722326871,9.7583431900077,8.14411480807292,0.0358205257623318,0.995226959676959
"42","OEU17563.1","hypothetical protein FRACYDRAFT_237983 [Fragilariopsis cylindrus CCMP1102]",-0.859695320089543,9.29543103412795,9.15300479277048,0.0382954800470852,0.995226959676959
"43","OEU20373.1","hypothetical protein FRACYDRAFT_236448 [Fragilariopsis cylindrus CCMP1102]",-0.854340112555099,9.3861733751544,5.90990034101582,0.0390228553138514,0.995226959676959
"44","OEU18937.1","uroporphyrinogen III decarboxylase [Fragilariopsis cylindrus CCMP1102]",-1.10867421470784,8.7495340623735,7.04826960930944,0.0394492001797798,0.995226959676959
"45","OEU15135.1","3-phosphoshikimate 1-carboxyvinyltransferase [Fragilariopsis cylindrus CCMP1102]",-0.696809147951033,9.92299180874882,5.58101672577227,0.0395481850681706,0.995226959676959
"46","OEU22102.1","hypothetical protein FRACYDRAFT_179260 [Fragilariopsis cylindrus CCMP1102]",-0.693937566577826,9.99515955776102,5.53974701250296,0.0408240373869803,0.995226959676959
"47","OEU18445.1","P-loop containing nucleoside triphosphate hydrolase protein, partial [Fragilariopsis cylindrus CCMP1102]",-0.880956777364345,9.27832433151952,10.9465632685655,0.0438182121185143,0.995226959676959
"48","OEU20523.1","Aldo/keto reductase [Fragilariopsis cylindrus CCMP1102]",0.604469934669409,10.168116716689,5.29784042765974,0.0438763265698298,0.995226959676959
"49","OEU07292.1","hypothetical protein FRACYDRAFT_251075 [Fragilariopsis cylindrus CCMP1102]",0.855863552293587,9.22460957839086,10.0733448069597,0.0489732932079207,0.995226959676959
"50","OEU17472.1","hypothetical protein FRACYDRAFT_183826 [Fragilariopsis cylindrus CCMP1102]",-0.564403240346868,10.2547950057812,5.51632307064896,0.0494079004091404,0.995226959676959
"51","OEU09509.1","imidazole glycerol phosphate synthase HisHF [Fragilariopsis cylindrus CCMP1102]",0.928574272865674,9.70013501660238,4.92956615175609,0.0504101832982783,0.995226959676959
"52","OEU06534.1","hypothetical protein FRACYDRAFT_214292 [Fragilariopsis cylindrus CCMP1102]",0.655728714856959,9.85917599333885,4.75689591128424,0.0538837142205726,0.995226959676959
"53","OEU14218.1","hypothetical protein FRACYDRAFT_261913 [Fragilariopsis cylindrus CCMP1102]",-0.730629591260116,9.74331289950889,5.80410881172635,0.0545390012255688,0.995226959676959
"54","OEU06632.1","hypothetical protein FRACYDRAFT_272692 [Fragilariopsis cylindrus CCMP1102]",1.58826292301799,7.81429236264149,9.17987051953477,0.0587458009555904,0.995226959676959
"55","OEU15295.1","hypothetical protein FRACYDRAFT_208848 [Fragilariopsis cylindrus CCMP1102]",-0.932489524190821,8.99959578423719,5.06448989117009,0.0593312602514354,0.995226959676959
"56","OEU21030.1","hypothetical protein FRACYDRAFT_234659 [Fragilariopsis cylindrus CCMP1102]",-1.04717661831255,8.9002529273146,6.79147724506027,0.0643127704004151,0.995226959676959
"57","OEU14958.1","hypothetical protein FRACYDRAFT_241517 [Fragilariopsis cylindrus CCMP1102]",-1.35203200239799,9.43614251200452,4.33023528573803,0.0644658237226922,0.995226959676959
"58","OEU20848.1","DUF814-domain-containing protein [Fragilariopsis cylindrus CCMP1102]",0.516513590857819,10.4050012972684,4.26997920879492,0.0653975578854363,0.995226959676959
"59","OEU18529.1","RNA-binding domain-containing protein, partial [Fragilariopsis cylindrus CCMP1102]",-0.925768894230269,8.99591042794448,6.24556679009093,0.0658305125009008,0.995226959676959
"60","OEU22422.1","2-oxoglutarate dehydrogenase complex protein [Fragilariopsis cylindrus CCMP1102]",-0.995863494692464,10.5443164804834,4.26543272947027,0.0661707505770675,0.995226959676959
"61","OEU14125.1","hypothetical protein FRACYDRAFT_189149 [Fragilariopsis cylindrus CCMP1102]",-0.765567306444648,9.34935303144521,4.43091401046531,0.0689879642014422,0.995226959676959
"62","OEU07652.1","hypothetical protein FRACYDRAFT_264814 [Fragilariopsis cylindrus CCMP1102]",-0.995758988458066,10.0354193529169,4.13465796424058,0.0692478757153049,0.995226959676959
"63","OEU17096.1","NAD(P)-binding protein [Fragilariopsis cylindrus CCMP1102]",0.943704389592516,8.78435912849958,5.27998329989505,0.0704129488817024,0.995226959676959
"64","OEU20376.1","ribosomal protein L32e [Fragilariopsis cylindrus CCMP1102]",-0.749592223451201,9.41654071586234,4.19886350868379,0.0728230221884398,0.995226959676959
"65","OEU15228.1","aminotransferase, classes I and II superfamily [Fragilariopsis cylindrus CCMP1102]",-0.71534745143299,9.51513146949077,3.98543273728212,0.0735448939509739,0.995226959676959
"66","OEU23715.1","GTP-binding protein yptV1 [Fragilariopsis cylindrus CCMP1102]",-1.34704674662426,9.63752347140468,3.98550646712149,0.0742127287684408,0.995226959676959
"67","OEU13022.1","kinase-like protein, partial [Fragilariopsis cylindrus CCMP1102]",0.964289862578826,9.02254450241457,3.92738770769235,0.0754843405142185,0.995226959676959
"68","OEU10909.1","hypothetical protein FRACYDRAFT_246784 [Fragilariopsis cylindrus CCMP1102]",-0.52942967683138,10.2384093060515,3.95009598733917,0.0759790301730719,0.995226959676959
"69","OEU20097.1","BET3 vesicular transport protein [Fragilariopsis cylindrus CCMP1102]",1.09684064688702,8.22259316120475,4.94744336967343,0.0771637023255133,0.995226959676959
"70","OEU15517.1","hypothetical protein FRACYDRAFT_269396 [Fragilariopsis cylindrus CCMP1102]",0.831877235544464,8.99561711888647,5.46829123276058,0.0782898577343008,0.995226959676959
"71","OEU07887.1","RecF/RecN/SMC protein [Fragilariopsis cylindrus CCMP1102]",0.83293361552276,9.78777271382785,3.77827041157398,0.0804069448327184,0.995226959676959
"72","OEU12424.1","hypothetical protein FRACYDRAFT_276733 [Fragilariopsis cylindrus CCMP1102]",-0.640764389144945,9.82801831309856,5.36761589139751,0.0807388365939726,0.995226959676959
"73","OEU07457.1","cytochrome C oxidase copper chaperone, partial [Fragilariopsis cylindrus CCMP1102]",0.508194226840027,10.3905405701317,3.73419545523912,0.0818102009368011,0.995226959676959
"74","OEU16221.1","hydroxymethylglutaryl-CoA reductase [Fragilariopsis cylindrus CCMP1102]",-0.700658124511913,9.47052371898203,5.95865286855941,0.0819699248416207,0.995226959676959
"75","OEU22058.1","60S ribosomal protein L7 [Fragilariopsis cylindrus CCMP1102]",-1.03664535069944,8.61561001393806,3.67859898610079,0.0839214117272188,0.995226959676959
"76","OEU15259.1","Band_7-domain-containing protein [Fragilariopsis cylindrus CCMP1102]",0.591434097517859,10.7835732213345,3.6722683435423,0.0840226577163356,0.995226959676959
"77","OEU17174.1","NAD(P)-binding protein [Fragilariopsis cylindrus CCMP1102]",0.854990400734439,9.22554869767777,3.66705917673585,0.0843405840557106,0.995226959676959
"78","OEU15790.1","MA3-domain-containing protein [Fragilariopsis cylindrus CCMP1102]",0.839853493395814,8.88843318057994,4.42801510981111,0.0845478765189818,0.995226959676959
"79","OEU16951.1","TPT-domain-containing protein [Fragilariopsis cylindrus CCMP1102]",1.12375450676218,8.75854324656268,3.65477565999136,0.0851586558981278,0.995226959676959
"80","OEU12257.1","hypothetical protein FRACYDRAFT_263178 [Fragilariopsis cylindrus CCMP1102]",-0.924457144359345,9.65594890632864,3.62974622850775,0.0857139496128181,0.995226959676959
"81","OEU19947.1","FKBP-like protein [Fragilariopsis cylindrus CCMP1102]",-0.920158285569572,9.99487355491005,3.62605565647585,0.0858512998410169,0.995226959676959
"82","OEU16044.1","GTP-binding protein typA [Fragilariopsis cylindrus CCMP1102]",-0.586878394231811,9.955588102408,5.77290054197497,0.0869379563649832,0.995226959676959
"83","OEU16276.1","glutamine-hydrolyzing asparagine synthase [Fragilariopsis cylindrus CCMP1102]",-0.379776239477016,12.2184498735921,3.57848019696687,0.0875174687333568,0.995226959676959
"84","OEU08741.1","hypothetical protein FRACYDRAFT_264526 [Fragilariopsis cylindrus CCMP1102]",-0.885142085558998,9.15659593397616,4.8825532806485,0.0884175942168555,0.995226959676959
"85","OEU13859.1","hypothetical protein FRACYDRAFT_242210 [Fragilariopsis cylindrus CCMP1102]",0.891073655567452,9.04832479005018,3.4104236987137,0.094377289454581,0.995226959676959
"86","OEU16770.1","AAA-domain-containing protein [Fragilariopsis cylindrus CCMP1102]",0.910990868547173,8.63071772474449,5.75515352325768,0.0954919278971715,0.995226959676959
"87","OEU22110.1","putative methyltransferase [Fragilariopsis cylindrus CCMP1102]",0.772401117661759,9.1978003437189,4.90264120177494,0.0977936254394328,0.995226959676959
"88","OEU17392.1","putative glucose-6-phosphate dehydrogenase [Fragilariopsis cylindrus CCMP1102]",0.599267127902367,11.2325341147069,3.29188415305602,0.0995175170147852,0.995226959676959
"89","OEU20758.1","hypothetical protein FRACYDRAFT_206017 [Fragilariopsis cylindrus CCMP1102]",-0.717882478594548,9.37962036188352,3.96810069485395,0.101135966962327,0.995226959676959
"90","OEU22046.1","hypothetical protein FRACYDRAFT_267134 [Fragilariopsis cylindrus CCMP1102]",0.657119760382501,9.35387841070783,7.0585504386466,0.103551390052858,0.995226959676959
"91","OEU16792.1","hypothetical protein FRACYDRAFT_186050 [Fragilariopsis cylindrus CCMP1102]",-0.813784449279878,9.03009477991201,3.45442696484492,0.103609327653251,0.995226959676959
"92","OEU15663.1","ARM repeat-containing protein [Fragilariopsis cylindrus CCMP1102]",-1.17901245065211,8.17367516645601,4.11296830526571,0.104787194757779,0.995226959676959
"93","OEU09587.1","RecF/RecN/SMC protein [Fragilariopsis cylindrus CCMP1102]",0.601815390177878,9.55939207367004,3.11670122692266,0.107643498334901,0.995226959676959
"94","OEU15580.1","metal-dependent protein hydrolase [Fragilariopsis cylindrus CCMP1102]",-0.527276346153868,10.1169061102136,4.74584792455318,0.108622057336273,0.995226959676959
"95","1773362818","photosystem I p700 chlorophyll A apoprotein B (chloroplast) [Fragilariopsis cylindrus]",0.599825511845629,10.606745499127,3.08625202175292,0.10916580468147,0.995226959676959
"96","OEU20286.1","alcohol dehydrogenase GroES domain protein [Fragilariopsis cylindrus CCMP1102]",-0.802232384281566,10.7847757606177,3.08765788591157,0.109807043046208,0.995226959676959
"97","OEU13387.1","ARM repeat-containing protein [Fragilariopsis cylindrus CCMP1102]",-0.543535472199077,9.81928473877415,4.17648962413415,0.110451727286407,0.995226959676959
"98","OEU14002.1","hypothetical protein FRACYDRAFT_171314 [Fragilariopsis cylindrus CCMP1102]",1.10982600786212,8.45441878177163,8.89241584379333,0.111747892339288,0.995226959676959
"99","OEU13253.1","alpha/beta-hydrolase [Fragilariopsis cylindrus CCMP1102]",0.646931363720579,9.50341538071796,3.03430525928717,0.111826138833516,0.995226959676959
"100","OEU10287.1","P-type ATPase [Fragilariopsis cylindrus CCMP1102]",0.800000231945517,8.77643286129409,3.74911807331493,0.112351662885515,0.995226959676959
"101","OEU18599.1","hypothetical protein FRACYDRAFT_268367 [Fragilariopsis cylindrus CCMP1102]",-0.767463883057928,9.78137305698105,2.98128699074142,0.114626362239338,0.995226959676959
"102","OEU19562.1","endo-1,3-beta-glucanase [Fragilariopsis cylindrus CCMP1102]",0.916320052943119,8.63621158920229,8.66519517410415,0.115060439790821,0.995226959676959
"103","OEU22445.1","putative 60S ribosomal protein RPL18A [Fragilariopsis cylindrus CCMP1102]",-0.842640445418308,9.01362149013743,4.15631234084346,0.116259205253165,0.995226959676959
"104","OEU19098.1","hypothetical protein FRACYDRAFT_268556 [Fragilariopsis cylindrus CCMP1102]",1.14212511626767,8.18970576765553,4.23380260006472,0.116721736080538,0.995226959676959
"105","OEU15339.1","mitochondrial glyceraldehyde-3-phosphate dehydrogenase [Fragilariopsis cylindrus CCMP1102]",0.669703873793889,9.67868692003025,2.81288970930712,0.124130225528472,0.995226959676959
"106","OEU15780.1","chlorophyll a/b-binding protein [Fragilariopsis cylindrus CCMP1102]",-0.795348014298067,8.82170895542667,3.77204144795304,0.124386072819616,0.995226959676959
"107","OEU20521.1","heat shock protein 70 [Fragilariopsis cylindrus CCMP1102]",0.456130180301211,10.5561545180908,2.78887378170764,0.125565978099903,0.995226959676959
"108","OEU22955.1","hypothetical protein FRACYDRAFT_233117 [Fragilariopsis cylindrus CCMP1102]",-0.843550383714589,8.90823148311312,4.4655523698207,0.128601068815744,0.995226959676959
"109","OEU11317.1","putative peroxiredoxin [Fragilariopsis cylindrus CCMP1102]",1.04224597249377,8.1588043592129,4.73035785245574,0.128821038760271,0.995226959676959
"110","OEU08340.1","60S ribosomal protein-like protein [Fragilariopsis cylindrus CCMP1102]",-0.715948726992227,11.1173373650132,2.71620662337713,0.130758822236561,0.995226959676959
"111","OEU19045.1","NAD(P)-binding protein [Fragilariopsis cylindrus CCMP1102]",0.38070475142749,11.7523317546193,2.69591515057785,0.131326673482966,0.995226959676959
"112","OEU19684.1","tRNA-synt_2c-domain-containing protein [Fragilariopsis cylindrus CCMP1102]",-0.451645126154564,10.1705054092227,3.61358997812958,0.13166776102637,0.995226959676959
"113","OEU14710.1","TPT-domain-containing protein [Fragilariopsis cylindrus CCMP1102]",0.395904613592674,10.6245568415764,3.90250624365729,0.132592459727698,0.995226959676959
"114","OEU08749.1","cobW-domain-containing protein, partial [Fragilariopsis cylindrus CCMP1102]",-0.872729039982636,10.4304235308511,2.67516204114569,0.133376411285622,0.995226959676959
"115","OEU20987.1","KDEL receptor A [Fragilariopsis cylindrus CCMP1102]",0.495299408582362,9.90574125924673,3.173582685925,0.133758972161676,0.995226959676959
"116","OEU12108.1","hypothetical protein FRACYDRAFT_263132 [Fragilariopsis cylindrus CCMP1102]",0.655721871606297,9.21628629366741,3.18571302758843,0.134451961841145,0.995226959676959
"117","OEU21653.1","geranylgeranyl reductase [Fragilariopsis cylindrus CCMP1102]",-0.571458850975238,9.6571182819648,2.64587669636215,0.134567309877717,0.995226959676959
"118","OEU09640.1","Phytoene synthase [Fragilariopsis cylindrus CCMP1102]",-0.635553695238229,9.4510060196767,3.85754763977221,0.135003024080648,0.995226959676959
"119","OEU07355.1","hypothetical protein FRACYDRAFT_197708 [Fragilariopsis cylindrus CCMP1102]",-0.379781697075583,10.7641501670584,2.62633138236392,0.135860829934792,0.995226959676959
"120","OEU16145.1","hypothetical protein FRACYDRAFT_208040 [Fragilariopsis cylindrus CCMP1102]",0.70084057883741,9.32382745265425,2.62519976460946,0.136070193902797,0.995226959676959
"121","OEU15404.1","hypothetical protein FRACYDRAFT_275661 [Fragilariopsis cylindrus CCMP1102]",0.690126599621233,9.39375266892581,2.61074886044305,0.137037469167494,0.995226959676959
"122","OEU10937.1","hypothetical protein FRACYDRAFT_193278 [Fragilariopsis cylindrus CCMP1102]",-0.375225414001942,10.6014356735896,2.62516704642994,0.138736970828661,0.995226959676959
"123","OEU20871.1","HAD-like protein [Fragilariopsis cylindrus CCMP1102]",0.701500842636086,8.8889659749082,2.5828979479637,0.138792701747792,0.995226959676959
"124","OEU11005.1","Band_7-domain-containing protein [Fragilariopsis cylindrus CCMP1102]",0.573612568255655,12.0081819047898,2.57666291737508,0.139738414487393,0.995226959676959
"125","OEU12720.1","hypothetical protein FRACYDRAFT_276584 [Fragilariopsis cylindrus CCMP1102]",0.839300498802255,8.70902453692195,6.08208495698761,0.139766909663332,0.995226959676959
"126","OEU11299.1","hypothetical protein FRACYDRAFT_270952 [Fragilariopsis cylindrus CCMP1102]",-0.55306041743841,9.60646915290027,3.3338475825483,0.142127920887858,0.995226959676959
"127","OEU18901.1","acyltransferase, partial [Fragilariopsis cylindrus CCMP1102]",-0.362596964529299,10.8511018680449,2.51887488975469,0.143263856510604,0.995226959676959
"128","OEU16457.1","ornithine transaminase [Fragilariopsis cylindrus CCMP1102]",-0.826400703275154,8.67855705778312,3.33248595299006,0.143577519945671,0.995226959676959
"129","OEU15501.1","ribosomal protein L13 [Fragilariopsis cylindrus CCMP1102]",-0.472899905694503,9.97763040784568,3.03265796806058,0.146271910063032,0.995226959676959
"130","OEU19838.1","hypothetical protein FRACYDRAFT_182024 [Fragilariopsis cylindrus CCMP1102]",-0.732473432483773,9.03698951133585,2.45198116251554,0.148134907030634,0.995226959676959
"131","OEU19234.1","cobW-domain-containing protein [Fragilariopsis cylindrus CCMP1102]",-0.870815056696172,11.2508911083623,2.4545205790959,0.148661876849084,0.995226959676959
"132","OEU14863.1","NAD(P)-binding protein [Fragilariopsis cylindrus CCMP1102]",0.773742925793439,9.01940727432543,2.43364486171857,0.149507180194604,0.995226959676959
"133","OEU18598.1","hypothetical protein FRACYDRAFT_236877 [Fragilariopsis cylindrus CCMP1102]",0.519837602400081,9.68451864230192,3.47702713464073,0.149827837250267,0.995226959676959
"134","OEU13266.1","hypothetical protein FRACYDRAFT_241601 [Fragilariopsis cylindrus CCMP1102]",0.610261058358689,9.25997417987414,5.58144719617617,0.151091302460353,0.995226959676959
"135","OEU11669.1","hypothetical protein FRACYDRAFT_244788 [Fragilariopsis cylindrus CCMP1102]",-0.87893559217996,8.60545329485995,3.72086429958152,0.151439551230798,0.995226959676959
"136","OEU20818.1","HopJ-domain-containing protein [Fragilariopsis cylindrus CCMP1102]",-0.476701376144122,9.91155644386862,3.28901875644876,0.151919659713696,0.995226959676959
"137","OEU18543.1","TPR-like protein [Fragilariopsis cylindrus CCMP1102]",-0.702709891830101,9.07548952578728,2.38939302542219,0.152887029926812,0.995226959676959
"138","OEU15309.1","silicon transporter [Fragilariopsis cylindrus CCMP1102]",0.809361477427973,9.30474165962745,2.38556567481819,0.153699776234064,0.995226959676959
"139","OEU18752.1","hypothetical protein FRACYDRAFT_268432 [Fragilariopsis cylindrus CCMP1102]",0.80175810043548,8.53047587101342,3.39407302409061,0.154373754270473,0.995226959676959
"140","OEU15336.1","CBS-domain-containing protein [Fragilariopsis cylindrus CCMP1102]",0.633057970218091,9.13341809846709,3.85579913860881,0.154953848442573,0.995226959676959
"141","OEU18812.1","Clavaminate synthase-like protein [Fragilariopsis cylindrus CCMP1102]",-0.968074003820378,8.77096049901476,4.46804866802412,0.154979587915396,0.995226959676959
"142","OEU19735.1","nitrate reductase [Fragilariopsis cylindrus CCMP1102]",-0.657178306225701,9.18788588161256,3.13960961258915,0.155202586008114,0.995226959676959
"143","OEU16166.1","hypothetical protein FRACYDRAFT_238754 [Fragilariopsis cylindrus CCMP1102]",0.354713779259419,10.5939019869165,2.46007190028952,0.156017721437434,0.995226959676959
"144","OEU08031.1","ATP-dependent metalloprotease FtsH [Fragilariopsis cylindrus CCMP1102]",-0.495399121617772,9.91901763986826,3.07560042083559,0.156551519775365,0.995226959676959
"145","OEU20609.1","DnaJ_C-domain-containing protein, partial [Fragilariopsis cylindrus CCMP1102]",0.461352941170452,9.84367459650062,2.71621228122273,0.158008631931882,0.995226959676959
"146","1773362819","heat shock protein 70 (chloroplast) [Fragilariopsis cylindrus]",0.420975497027311,10.1686816419269,3.03401698538671,0.159632032800216,0.995226959676959
"147","OEU18685.1","HAD-superfamily hydrolase [Fragilariopsis cylindrus CCMP1102]",-0.616815856708146,10.9828631403829,2.2752686553241,0.16278122692789,0.995226959676959
"148","OEU15409.1","DEAD-domain-containing protein, partial [Fragilariopsis cylindrus CCMP1102]",-0.765500738125058,8.84216726926984,3.07220333965392,0.163847898066896,0.995226959676959
"149","OEU10541.1","hypothetical protein FRACYDRAFT_247081 [Fragilariopsis cylindrus CCMP1102]",0.595494491730874,9.29719212270034,2.34180088668198,0.16433293262484,0.995226959676959
"150","OEU18569.1","hypothetical protein FRACYDRAFT_182589 [Fragilariopsis cylindrus CCMP1102]",-0.658572409437247,9.18381345188758,2.70090597730603,0.166481000099132,0.995226959676959
"151","OEU22562.1","hypothetical protein FRACYDRAFT_267314 [Fragilariopsis cylindrus CCMP1102]",0.763491120218211,8.6304052173763,2.51445770487708,0.166868707462628,0.995226959676959
"152","OEU22584.1","fucoxanthin chlorophyll a/c binding protein [Fragilariopsis cylindrus CCMP1102]",-0.670069002432365,9.60084671353323,2.20160881336525,0.168512073064294,0.995226959676959
"153","OEU08249.1","hypothetical protein FRACYDRAFT_212859 [Fragilariopsis cylindrus CCMP1102]",0.460911776203002,9.90063138046281,2.56572715204944,0.170793279021118,0.995226959676959
"154","OEU10199.1","putative GDP-fucose synthetase [Fragilariopsis cylindrus CCMP1102]",0.76523127419661,8.63494515176073,2.9180195941382,0.172456267533676,0.995226959676959
"155","OEU10825.1","hypothetical protein FRACYDRAFT_270994 [Fragilariopsis cylindrus CCMP1102]",1.25451027734301,9.43723247079277,2.1607241373293,0.172725655028017,0.995226959676959
"156","OEU22662.1","ATP-sulfurylase-domain-containing protein [Fragilariopsis cylindrus CCMP1102]",0.37501594060072,10.3616546191378,2.62693246113378,0.173366300811093,0.995226959676959
"157","OEU21377.1","hypothetical protein FRACYDRAFT_259880 [Fragilariopsis cylindrus CCMP1102]",0.787998721479428,9.0440242136994,2.14022747935651,0.174015176352843,0.995226959676959
"158","1783488215","photosystem I protein subunit III (chloroplast) [Fragilariopsis cylindrus]",0.338827516765679,10.6765282828763,2.13472670041964,0.174388267353679,0.995226959676959
"159","OEU13241.1","hypothetical protein FRACYDRAFT_241577 [Fragilariopsis cylindrus CCMP1102]",0.599013719407178,9.19925192612584,3.42077761595102,0.175379093352869,0.995226959676959
"160","OEU20381.1","5-oxoprolinase [Fragilariopsis cylindrus CCMP1102]",0.625852008830839,10.3539014911398,2.12029041259217,0.17585297559259,0.995226959676959
"161","OEU21760.1","PDS-like 1, phytoene desaturase-like protein [Fragilariopsis cylindrus CCMP1102]",0.987932950505299,8.21283960272869,2.10633261296754,0.177531027415481,0.995226959676959
"162","OEU15077.1","Polyprenyl synthetase [Fragilariopsis cylindrus CCMP1102]",-0.414717032073303,10.2372229912036,2.58489109498107,0.177793863706293,0.995226959676959
"163","OEU09628.1","Prefoldin alpha subunit [Fragilariopsis cylindrus CCMP1102]",0.84916966175592,8.30396650083533,4.69774899506893,0.180155983541376,0.995226959676959
"164","OEU22446.1","small ubiquitin-like protein [Fragilariopsis cylindrus CCMP1102]",-0.822370105841411,9.73947422826958,2.07596189392741,0.180601001615679,0.995226959676959
"165","OEU18451.1","hypothetical protein FRACYDRAFT_260397 [Fragilariopsis cylindrus CCMP1102]",0.664778567802627,9.75690020064501,2.04555336685887,0.1829725883686,0.995226959676959
"166","OEU18800.1","T-complex protein 1 [Fragilariopsis cylindrus CCMP1102]",-0.519498114003804,9.48497142404153,2.07283506617781,0.184467685120818,0.995226959676959
"167","OEU21873.1","putative orotate phosphoribosyltransferase [Fragilariopsis cylindrus CCMP1102]",-0.357187498210863,10.4686221582389,2.59425620675729,0.184718240959491,0.995226959676959
"168","OEU16296.1","hypothetical protein FRACYDRAFT_268951, partial [Fragilariopsis cylindrus CCMP1102]",-0.665253916384371,9.34198416143856,2.02373891252634,0.185121730343868,0.995226959676959
"169","OEU18931.1","hypothetical protein FRACYDRAFT_274934 [Fragilariopsis cylindrus CCMP1102]",0.588065646804854,9.92955348320796,2.02347190984091,0.185148240093969,0.995226959676959
"170","OEU14436.1","C2-domain-containing protein [Fragilariopsis cylindrus CCMP1102]",0.384040221116299,10.6112949254709,2.33717940765831,0.186004158302781,0.995226959676959
"171","OEU08344.1","carbamyl phosphate synthetase [Fragilariopsis cylindrus CCMP1102]",-0.885071943415575,9.07687124885182,2.00946088793542,0.187112770711349,0.995226959676959
"172","OEU12968.1","hypothetical protein FRACYDRAFT_262793 [Fragilariopsis cylindrus CCMP1102]",0.442825258568473,9.91606362031735,2.49474562022569,0.18891934514361,0.995226959676959
"173","OEU15771.1","hypothetical protein FRACYDRAFT_209201 [Fragilariopsis cylindrus CCMP1102]",0.5715198181342,9.41829946990641,3.15184163553665,0.189707085976466,0.995226959676959
"174","OEU17497.1","ribosomal protein L2 [Fragilariopsis cylindrus CCMP1102]",-0.577150680481612,9.4858189114353,1.97675981755041,0.189734452281319,0.995226959676959
"175","OEU20777.1","Adenylosuccinate lyase [Fragilariopsis cylindrus CCMP1102]",0.70313273286367,10.0625298470355,1.98150240427987,0.189942846582718,0.995226959676959
"176","OEU20557.1","hypothetical protein FRACYDRAFT_234188 [Fragilariopsis cylindrus CCMP1102]",-0.335952033396708,10.5623038954276,2.09802013408101,0.190773141670637,0.995226959676959
"177","OEU17909.1","hypothetical protein FRACYDRAFT_238339 [Fragilariopsis cylindrus CCMP1102]",-0.928074714072616,10.3113462006789,1.96432604861988,0.191709587924494,0.995226959676959
"178","OEU17640.1","alpha/beta-hydrolase [Fragilariopsis cylindrus CCMP1102]",0.5070541610205,9.41366713116889,4.52938248183966,0.19234900390214,0.995226959676959
"179","OEU10017.1","Mov34-domain-containing protein [Fragilariopsis cylindrus CCMP1102]",0.458422824607232,9.77127730811982,2.18747510017997,0.19532506261285,0.995226959676959
"180","OEU14043.1","DUF1900-domain-containing protein, partial [Fragilariopsis cylindrus CCMP1102]",-0.841378312768886,9.6407423189161,1.92254447126568,0.196098901067208,0.995226959676959
"181","OEU15277.1","Dihydroorotate dehydrogenase A, partial [Fragilariopsis cylindrus CCMP1102]",0.674891696332793,8.82940501838024,4.18474258227906,0.196265265914706,0.995226959676959
"182","OEU21893.1","hypothetical protein FRACYDRAFT_267083 [Fragilariopsis cylindrus CCMP1102]",0.772907269410435,10.0433471543499,1.90513661584792,0.19796696556863,0.995226959676959
"183","OEU15658.1","hypothetical protein FRACYDRAFT_170346 [Fragilariopsis cylindrus CCMP1102]",0.392354937789284,10.1521880005126,2.99469822594886,0.198495602980271,0.995226959676959
"184","OEU10228.1","cobalamin biosynthesis protein [Fragilariopsis cylindrus CCMP1102]",-0.518918210552945,9.50908556487863,2.27252028796839,0.199052490335849,0.995226959676959
"185","OEU17408.1","hypothetical protein FRACYDRAFT_217585 [Fragilariopsis cylindrus CCMP1102]",0.89510882722802,8.29429449412025,2.77304407405837,0.200816680618448,0.995226959676959
"186","OEU16972.1","mitochondrial chaperonin [Fragilariopsis cylindrus CCMP1102]",0.462938634040651,9.54493861635047,2.59794949872528,0.202367918215865,0.995226959676959
"187","OEU18459.1","pyruvate kinase [Fragilariopsis cylindrus CCMP1102]",-0.48612058067885,9.68466265404653,1.84805793034044,0.203577195068086,0.995226959676959
"188","1783488176","ribosomal protein S7 (chloroplast) [Fragilariopsis cylindrus]",-0.683614655273583,9.85795357359588,1.83362215583054,0.205704957885588,0.995226959676959
"189","OEU18864.1","TPT-domain-containing protein [Fragilariopsis cylindrus CCMP1102]",0.584151888923606,9.09817680934821,2.18883939707547,0.205872724181683,0.995226959676959
"190","OEU15043.1","Cullin-domain-containing protein [Fragilariopsis cylindrus CCMP1102]",0.322680274381316,10.5960096998125,2.16001660943284,0.206155889223781,0.995226959676959
"191","OEU13589.1","hypothetical protein FRACYDRAFT_189006 [Fragilariopsis cylindrus CCMP1102]",-0.571088010858601,9.27409668116051,1.81648306898728,0.207176447344733,0.995226959676959
"192","OEU18828.1","stabilizer of iron transporter SufD [Fragilariopsis cylindrus CCMP1102]",-0.474474692959356,9.5817377245773,3.2990520518509,0.207205339870978,0.995226959676959
"193","OEU18818.1","putative 60S ribosomal protein L11a [Fragilariopsis cylindrus CCMP1102]",-0.515240147948812,9.40785099480692,3.01632890875923,0.207682189460838,0.995226959676959
"194","OEU18463.1","hypothetical protein FRACYDRAFT_260404 [Fragilariopsis cylindrus CCMP1102]",0.475832853198327,9.608303556235,2.31085614775146,0.207834865454824,0.995226959676959
"195","OEU14263.1","ARM repeat-containing protein [Fragilariopsis cylindrus CCMP1102]",0.618400117474084,9.00999422737136,3.01953765680795,0.207869274031725,0.995226959676959
"196","1773362831","30S ribosomal protein S5 (chloroplast) [Fragilariopsis cylindrus]",-0.7265592959471,8.72889484465159,2.49654477489902,0.20942467043285,0.995226959676959
"197","OEU22656.1","galactose mutarotase-like protein [Fragilariopsis cylindrus CCMP1102]",-0.73761564148895,8.79723630687606,1.78475605808869,0.211005303012163,0.995226959676959
"198","OEU07749.1","putative vacuolar proton translocating ATPase A subunit [Fragilariopsis cylindrus CCMP1102]",-0.855997776720758,8.40296141003818,2.79441548593897,0.212338332570645,0.995226959676959
"199","OEU09598.1","hypothetical protein FRACYDRAFT_248446 [Fragilariopsis cylindrus CCMP1102]",-0.446546862377851,10.0414035636353,1.75919849153259,0.213925801201189,0.995226959676959
"200","OEU22606.1","S1-domain-containing protein [Fragilariopsis cylindrus CCMP1102]",-0.438836636232477,9.78935497058554,1.75551037613187,0.214370338841434,0.995226959676959
"201","OEU19738.1","hypothetical protein FRACYDRAFT_260081 [Fragilariopsis cylindrus CCMP1102]",0.51582033824416,9.43461976501109,2.61288503319158,0.214593263119992,0.995226959676959
"202","OEU22590.1","P-loop containing nucleoside triphosphate hydrolase protein [Fragilariopsis cylindrus CCMP1102]",-0.585211566531609,9.42588659848302,1.74376982816635,0.215793709951348,0.995226959676959
"203","OEU20728.1","hypothetical protein FRACYDRAFT_234360 [Fragilariopsis cylindrus CCMP1102]",-0.283431516917183,11.2870463881285,1.73361787869491,0.217034702562706,0.995226959676959
"204","OEU19574.1","hypothetical protein FRACYDRAFT_268048 [Fragilariopsis cylindrus CCMP1102]",-0.408267836644556,10.2046722787893,1.72451380009601,0.218155745735837,0.995226959676959
"205","OEU18444.1","hypothetical protein FRACYDRAFT_268307 [Fragilariopsis cylindrus CCMP1102]",-0.881931344103491,8.52525378945332,1.7139136855875,0.219954458426503,0.995226959676959
"206","OEU19949.1","glutaredoxin-domain-containing protein [Fragilariopsis cylindrus CCMP1102]",0.582267896214192,9.07203864200381,4.25258388744494,0.219977466436938,0.995226959676959
"207","OEU18271.1","hypothetical protein FRACYDRAFT_260330 [Fragilariopsis cylindrus CCMP1102]",-0.786125807294835,8.50329759869975,3.41948013386574,0.220079024847579,0.995226959676959
"208","OEU19655.1","hypothetical protein FRACYDRAFT_268060 [Fragilariopsis cylindrus CCMP1102]",0.73305990896488,8.44309025164804,2.77042667462041,0.220986110370611,0.995226959676959
"209","OEU06965.1","hypothetical protein FRACYDRAFT_265321 [Fragilariopsis cylindrus CCMP1102]",-0.564077934392926,9.15575976241976,3.01120281653962,0.222335115062252,0.995226959676959
"210","OEU20979.1","hypothetical protein FRACYDRAFT_224174 [Fragilariopsis cylindrus CCMP1102]",0.538074197692478,9.05252990522475,2.1472987421426,0.222636363695314,0.995226959676959
"211","1773362888","50S ribosomal protein L1 (chloroplast) [Fragilariopsis cylindrus]",-0.399372661524728,12.8027056565378,1.66162278659581,0.226240210312505,0.995226959676959
"212","OEU13762.1","phosphoglycerate kinase precursor [Fragilariopsis cylindrus CCMP1102]",-0.286055846407329,10.7323058769879,2.08303940052891,0.226544395868688,0.995226959676959
"213","OEU09479.1","hypothetical protein FRACYDRAFT_264163 [Fragilariopsis cylindrus CCMP1102]",0.525137113488553,9.17860026655816,3.00275999890065,0.231546740157922,0.995226959676959
"214","OEU14995.1","hypothetical protein FRACYDRAFT_239676 [Fragilariopsis cylindrus CCMP1102]",0.497141024265511,9.89932451556061,1.61037425470627,0.233017908238013,0.995226959676959
"215","OEU21141.1","hypothetical protein FRACYDRAFT_259818 [Fragilariopsis cylindrus CCMP1102]",0.558176617128773,9.00647352684641,2.41742372523997,0.234833265984507,0.995226959676959
"216","OEU16210.1","AAA_2-domain-containing protein [Fragilariopsis cylindrus CCMP1102]",0.350852059860529,10.0750919472925,1.75397935966722,0.235395400494807,0.995226959676959
"217","OEU11984.1","casein kinase I delta [Fragilariopsis cylindrus CCMP1102]",-0.550873088782259,9.26227065034743,1.57522774130454,0.237825857040262,0.995226959676959
"218","OEU13936.1","AAA-domain-containing protein [Fragilariopsis cylindrus CCMP1102]",-0.493873091027659,9.34448868717262,1.95073903104746,0.238463297734884,0.995226959676959
"219","OEU17596.1","hypothetical protein FRACYDRAFT_207787 [Fragilariopsis cylindrus CCMP1102]",-0.412265777933907,10.0255035089595,1.5616144214121,0.239602903284147,0.995226959676959
"220","OEU16607.1","zeaxanthin epoxidase [Fragilariopsis cylindrus CCMP1102]",-0.308161343682073,10.9953629591012,1.55642203539725,0.240332586294349,0.995226959676959
"221","OEU12604.1","hypothetical protein FRACYDRAFT_243857 [Fragilariopsis cylindrus CCMP1102]",0.626183669121865,8.51988836315861,3.78329723038815,0.240455050839275,0.995226959676959
"222","OEU22265.1","hypothetical protein FRACYDRAFT_258994 [Fragilariopsis cylindrus CCMP1102]",0.396496309128581,10.2735057244786,1.54042132217769,0.242600272577046,0.995226959676959
"223","OEU07503.1","methionine adenosyltransferase [Fragilariopsis cylindrus CCMP1102]",-0.371308104820449,10.1699962354666,1.53982484735618,0.24268536998899,0.995226959676959
"224","OEU17149.1","hypothetical protein FRACYDRAFT_184583 [Fragilariopsis cylindrus CCMP1102]",0.545274408581054,9.04137401089985,2.21341346579164,0.244485539824751,0.995226959676959
"225","OEU06933.1","ribosomal protein L24 [Fragilariopsis cylindrus CCMP1102]",-0.366630406234109,10.8546123615095,1.51375219320291,0.246445230030084,0.995226959676959
"226","OEU15355.1","DnaJ-domain-containing protein [Fragilariopsis cylindrus CCMP1102]",0.61324363176583,8.86930281102284,3.01297626815989,0.246948903610412,0.995226959676959
"227","OEU13592.1","ribosomal protein-like protein L23e [Fragilariopsis cylindrus CCMP1102]",-0.681532695227095,9.83958692690285,1.51301684250684,0.247195846934281,0.995226959676959
"228","OEU11702.1","hypothetical protein FRACYDRAFT_270658 [Fragilariopsis cylindrus CCMP1102]",0.92294199050513,8.06923315268598,4.8216189688653,0.249259290165949,0.995226959676959
"229","OEU12251.1","cytochrome b5 [Fragilariopsis cylindrus CCMP1102]",0.950191202591714,8.35932203145962,3.73127178186237,0.249633965611458,0.995226959676959
"230","OEU06993.1","RNA-binding region RNP-1, partial [Fragilariopsis cylindrus CCMP1102]",-0.746004798249165,8.496634319675,2.63349464393835,0.249844254490179,0.995226959676959
"231","OEU12308.1","hypothetical protein FRACYDRAFT_270586, partial [Fragilariopsis cylindrus CCMP1102]",0.52383614106924,9.21723907259755,2.12232323681365,0.250135358406983,0.995226959676959
"232","OEU14950.1","Peptidase_M16-domain-containing protein [Fragilariopsis cylindrus CCMP1102]",-0.57727455776733,8.99222236636859,2.80501888696223,0.253322154902341,0.995226959676959
"233","OEU22255.1","RNI-like protein [Fragilariopsis cylindrus CCMP1102]",0.711836121536518,8.26087133916421,3.95247856793688,0.253685207733737,0.995226959676959
"234","OEU19345.1","JmjC-domain-containing protein [Fragilariopsis cylindrus CCMP1102]",0.686635856108695,8.4991491811408,2.7875062148859,0.254313199784805,0.995226959676959
"235","OEU07664.1","FAS1 domain-containing protein [Fragilariopsis cylindrus CCMP1102]",-0.383620402595366,9.81446387836241,1.69989209440524,0.256629939144301,0.995226959676959
"236","OEU15317.1","Chloroa_b-bind-domain-containing protein [Fragilariopsis cylindrus CCMP1102]",-0.290904716040406,10.6301100213124,1.42956530185563,0.25914462189443,0.995226959676959
"237","OEU10041.1","cysteine proteinase [Fragilariopsis cylindrus CCMP1102]",0.298183668135463,10.4890792524151,1.42286139464005,0.260194266665128,0.995226959676959
"238","OEU09220.1","coclaurine N-methyltransferase [Fragilariopsis cylindrus CCMP1102]",0.485560883468383,9.20069437492635,1.81987225464244,0.260659439449393,0.995226959676959
"239","OEU16856.1","hypothetical protein FRACYDRAFT_169745 [Fragilariopsis cylindrus CCMP1102]",-0.354250983948047,10.0157886770245,1.87928146776511,0.262453456886124,0.995226959676959
"240","OEU19882.1","hypothetical protein FRACYDRAFT_235945 [Fragilariopsis cylindrus CCMP1102]",0.50860670331982,9.02237286378302,2.45204931221287,0.264051410487285,0.995226959676959
"241","OEU16618.1","hypothetical protein FRACYDRAFT_275419, partial [Fragilariopsis cylindrus CCMP1102]",0.681746985442247,8.53082134645404,2.3460036425884,0.266142005842533,0.995226959676959
"242","OEU20037.1","hypothetical protein FRACYDRAFT_268156 [Fragilariopsis cylindrus CCMP1102]",0.524628324443226,9.15369408813152,2.83942588053539,0.267630219297959,0.995226959676959
"243","OEU09301.1","hypothetical protein FRACYDRAFT_277425 [Fragilariopsis cylindrus CCMP1102]",-0.599005912645619,9.59932018873432,1.37653324175426,0.267926713163263,0.995226959676959
"244","OEU13432.1","hypothetical protein FRACYDRAFT_189509, partial [Fragilariopsis cylindrus CCMP1102]",-0.665619558228454,8.62370797800725,2.12037489305822,0.268382378869558,0.995226959676959
"245","OEU18733.1","hypothetical protein FRACYDRAFT_268420 [Fragilariopsis cylindrus CCMP1102]",0.655450705484084,8.80251309013934,3.05479656108056,0.271418430415984,0.995226959676959
"246","OEU22140.1","Sm-like ribonucleo protein, partial [Fragilariopsis cylindrus CCMP1102]",-0.369197638549325,10.3597854368789,1.3492689254961,0.272113744364507,0.995226959676959
"247","OEU22725.1","protein translocase complex subunit [Fragilariopsis cylindrus CCMP1102]",-0.648576361462864,8.89245618843729,1.34760843005776,0.272506420133358,0.995226959676959
"248","OEU15172.1","putative 2-oxoglutarate dehydrogenase E2 subunit [Fragilariopsis cylindrus CCMP1102]",0.255802933167832,10.7224011514622,1.49497665004096,0.272607663373657,0.995226959676959
"249","OEU13790.1","EMP/nonaspanin domain family protein [Fragilariopsis cylindrus CCMP1102]",0.544251732787522,9.24225199785826,1.34674682169374,0.27265059865209,0.995226959676959
"250","OEU11773.1","hypothetical protein FRACYDRAFT_263314 [Fragilariopsis cylindrus CCMP1102]",0.552619894965335,8.79695502410435,3.16618347201693,0.27378188484833,0.995226959676959
"251","OEU12937.1","putative bifunctional dTDP-4-dehydrorhamnose 3,5-epimerase/dTDP-4-dehydrorhamnose reductase [Fragilariopsis cylindrus CCMP1102]",0.528046788658252,8.99659210730421,1.72522248344599,0.273990537367292,0.995226959676959
"252","OEU21049.1","hypothetical protein FRACYDRAFT_234677 [Fragilariopsis cylindrus CCMP1102]",0.310432564652256,10.7536776225462,1.33797796769452,0.27400928702184,0.995226959676959
"253","OEU09563.1","hypothetical protein FRACYDRAFT_195160, partial [Fragilariopsis cylindrus CCMP1102]",0.889161939281148,7.84787274974145,2.61672776107464,0.278020973041275,0.995226959676959
"254","OEU16383.1","hypothetical protein FRACYDRAFT_261222 [Fragilariopsis cylindrus CCMP1102]",-0.588445288791685,8.85884759519924,2.32525022576863,0.278498532594552,0.995226959676959
"255","OEU18753.1","NAD(P)-binding protein [Fragilariopsis cylindrus CCMP1102]",-0.650895927853178,8.78051243830513,2.12389115786086,0.280385837957407,0.995226959676959
"256","1783488227","ATP synthase CF1 subunit alpha (chloroplast) [Fragilariopsis cylindrus]",-0.765503897796495,9.82400822206163,1.30424646456045,0.280391496925269,0.995226959676959
"257","OEU21654.1","putative aureochrome [Fragilariopsis cylindrus CCMP1102]",-0.231369596471383,11.2207333923299,1.29615340475163,0.281193866399833,0.995226959676959
"258","OEU20761.1","transketolase [Fragilariopsis cylindrus CCMP1102]",-0.293179758062038,10.7951319330763,1.29251487063737,0.281831317384432,0.995226959676959
"259","OEU12386.1","CPN60 protein [Fragilariopsis cylindrus CCMP1102]",0.318313708091352,10.1502163663225,1.29271177508907,0.282640162064101,0.995226959676959
"260","OEU08001.1","hypothetical protein FRACYDRAFT_250221 [Fragilariopsis cylindrus CCMP1102]",-0.368636047818022,10.5565134544091,1.28587269225528,0.283000233204212,0.995226959676959
"261","OEU12673.1","mitochondrial glyco protein [Fragilariopsis cylindrus CCMP1102]",-0.580314645512354,8.67474262114736,1.28419359615649,0.283409645230061,0.995226959676959
"262","1783488250","50S ribosomal protein L23 (chloroplast) [Fragilariopsis cylindrus]",-0.459999730062295,9.49462046861068,1.73153498162124,0.283792356978765,0.995226959676959
"263","OEU22195.1","small GTP binding protein Rab1A [Fragilariopsis cylindrus CCMP1102]",-0.587846614209032,9.00339243481975,1.27857961870002,0.28440419347382,0.995226959676959
"264","OEU08776.1","Endoribonuclease L-PSP, partial [Fragilariopsis cylindrus CCMP1102]",0.434353199739273,9.44320987746705,2.5472788930036,0.285028832423258,0.995226959676959
"265","OEU21755.1","Nop-domain-containing protein [Fragilariopsis cylindrus CCMP1102]",0.447929562500517,9.21625788179502,1.7026485084876,0.285308011442729,0.995226959676959
"266","OEU17803.1","fucoxanthin chlorophyll a/c protein [Fragilariopsis cylindrus CCMP1102]",-0.246463330216814,10.8306473558067,1.65595836775423,0.285994314706854,0.995226959676959
"267","OEU10242.1","acetyl-CoA synthetase-like protein [Fragilariopsis cylindrus CCMP1102]",0.451171683091815,9.38317909887146,2.34564228121622,0.286383748453187,0.995226959676959
"268","OEU22272.1","V-type ATPase 16 kDa proteolipid subunit [Fragilariopsis cylindrus CCMP1102]",-0.808231750471448,8.75602800127269,1.59210272748192,0.286799694487361,0.995226959676959
"269","OEU07710.1","hypothetical protein FRACYDRAFT_250733 [Fragilariopsis cylindrus CCMP1102]",-0.312722189935973,10.2835648825029,1.33547707155151,0.287328681643775,0.995226959676959
"270","OEU13643.1","hypothetical protein FRACYDRAFT_171119 [Fragilariopsis cylindrus CCMP1102]",-0.242975680497872,11.1558475378973,1.2573887401603,0.288091045161315,0.995226959676959
"271","OEU13268.1","hypothetical protein FRACYDRAFT_262176 [Fragilariopsis cylindrus CCMP1102]",0.385020122259387,9.74914691271438,2.18236558308742,0.289700748911116,0.995226959676959
"272","OEU19875.1","alpha/beta-hydrolase [Fragilariopsis cylindrus CCMP1102]",0.429113330003192,9.32285578429709,2.02448704297614,0.289992394453443,0.995226959676959
"273","OEU10251.1","Blo t Mag29 allergen [Fragilariopsis cylindrus CCMP1102]",0.401231547179854,9.58655089557993,2.38808662323521,0.290158262417056,0.995226959676959
"274","OEU08797.1","peptidase S10, serine carboxypeptidase [Fragilariopsis cylindrus CCMP1102]",0.674544101487089,10.3795916182119,1.2479152057122,0.290410039983008,0.995226959676959
"275","OEU17602.1","chaperone DnaJ [Fragilariopsis cylindrus CCMP1102]",0.462380921210948,9.64804358093324,1.2404894432829,0.291283812808471,0.995226959676959
"276","OEU20585.1","hypothetical protein FRACYDRAFT_259593 [Fragilariopsis cylindrus CCMP1102]",0.692924350489709,8.24248861095371,1.86029370171776,0.292832908292798,0.995226959676959
"277","OEU16010.1","pyruvate carboxylase [Fragilariopsis cylindrus CCMP1102]",-0.401819597793039,9.47402744134959,1.43142550935276,0.293969314610737,0.995226959676959
"278","OEU07314.1","nitrate transporter [Fragilariopsis cylindrus CCMP1102]",-0.566412386599313,9.12887481716104,1.82945146310234,0.294897416267726,0.995226959676959
"279","OEU17517.1","C-terminal processing peptidase [Fragilariopsis cylindrus CCMP1102]",-0.517147578867159,8.95561682177786,2.77361566585173,0.295899167068779,0.995226959676959
"280","OEU15774.1","DNA repair exonuclease, partial [Fragilariopsis cylindrus CCMP1102]",0.687859029632643,8.11970989059147,1.67421917351757,0.295968889127084,0.995226959676959
"281","OEU22260.1","hypothetical protein FRACYDRAFT_232415 [Fragilariopsis cylindrus CCMP1102]",0.490086230064087,10.278018373416,1.20524955182623,0.298069592491397,0.995226959676959
"282","OEU08770.1","hypothetical protein FRACYDRAFT_195871 [Fragilariopsis cylindrus CCMP1102]",0.86660341340343,9.1055848549053,1.20046134498056,0.299247759483587,0.995226959676959
"283","OEU12635.1","CKS-domain-containing protein [Fragilariopsis cylindrus CCMP1102]",-0.286885518638315,11.1941232323227,1.19617893738249,0.299477601328853,0.995226959676959
"284","OEU10661.1","hypothetical protein FRACYDRAFT_211762 [Fragilariopsis cylindrus CCMP1102]",-0.275316455278643,10.5620197024506,1.49851893827373,0.299846494513935,0.995226959676959
"285","OEU15602.1","hypothetical protein FRACYDRAFT_187198 [Fragilariopsis cylindrus CCMP1102]",0.469205990126751,9.10034164890782,1.86770520705335,0.301306658659371,0.995226959676959
"286","OEU11729.1","silicon transporter [Fragilariopsis cylindrus CCMP1102]",0.650970340116301,8.49239485324702,1.18456498212598,0.30181905699838,0.995226959676959
"287","OEU14109.1","hypothetical protein FRACYDRAFT_262498 [Fragilariopsis cylindrus CCMP1102]",0.414993242533313,9.29441524453461,1.75024382964434,0.301933020097689,0.995226959676959
"288","OEU20357.1","KH_1-domain-containing protein [Fragilariopsis cylindrus CCMP1102]",0.419502960085599,9.41415748308981,2.09804047975042,0.304960377253716,0.995226959676959
"289","OEU13508.1","DEAD-domain-containing protein [Fragilariopsis cylindrus CCMP1102]",0.637495813774596,8.46791861327205,2.21043435600267,0.305601886822457,0.995226959676959
"290","OEU18184.1","hypothetical protein FRACYDRAFT_236455 [Fragilariopsis cylindrus CCMP1102]",0.390555443892641,9.4671468133489,1.48765942705614,0.306620902332185,0.995226959676959
"291","OEU18857.1","B12 dependent methionine synthase [Fragilariopsis cylindrus CCMP1102]",-0.387867358004845,9.48722346000269,1.65689878889703,0.306738882368896,0.995226959676959
"292","OEU14464.1","hypothetical protein FRACYDRAFT_226456 [Fragilariopsis cylindrus CCMP1102]",0.590702079638431,10.9042372878105,1.1536661195074,0.308343601809652,0.995226959676959
"293","OEU10641.1","hypothetical protein FRACYDRAFT_173131 [Fragilariopsis cylindrus CCMP1102]",0.587662680976807,8.55965786871299,1.92153374149011,0.30939266726678,0.995226959676959
"294","OEU15104.1","leucyl-tRNA synthetase [Fragilariopsis cylindrus CCMP1102]",0.688928595578949,8.25339820296716,2.78481926240184,0.310880606003108,0.995226959676959
"295","OEU19672.1","ClpS-like protein [Fragilariopsis cylindrus CCMP1102]",0.493420183988869,8.85204365346395,2.34316799870308,0.310945401677559,0.995226959676959
"296","OEU17518.1","pyridoxal phosphate-dependent enzyme, beta subunit, partial [Fragilariopsis cylindrus CCMP1102]",0.286565630572173,10.247933172707,1.24906000591923,0.310987708532366,0.995226959676959
"297","OEU23358.1","hypothetical protein FRACYDRAFT_233531 [Fragilariopsis cylindrus CCMP1102]",0.601732886348653,8.39954182767504,1.6554370940717,0.311472083447275,0.995226959676959
"298","OEU14836.1","hypothetical protein FRACYDRAFT_241393 [Fragilariopsis cylindrus CCMP1102]",0.288339897294624,10.2775656600248,1.44028082299795,0.311482393340163,0.995226959676959
"299","OEU15502.1","HisG-domain-containing protein [Fragilariopsis cylindrus CCMP1102]",0.225860925167123,11.4881594585129,1.13372398451791,0.311768154201674,0.995226959676959
"300","OEU19825.1","Peptidase_C12-domain-containing protein [Fragilariopsis cylindrus CCMP1102]",0.516954882144501,9.24143967759534,1.13046159289181,0.312536696478029,0.995226959676959
"301","OEU11524.1","mitochondrial carrier [Fragilariopsis cylindrus CCMP1102]",-0.388950566899955,9.50848049681425,1.74660874950713,0.313187505281678,0.995226959676959
"302","OEU10120.1","CTP synthase [Fragilariopsis cylindrus CCMP1102]",-0.326400642711563,10.0110680562212,1.11790392256619,0.314996194616057,0.995226959676959
"303","OEU22044.1","indole-3-glycerol-phosphate synthase [Fragilariopsis cylindrus CCMP1102]",0.508125157621329,9.26645818253654,1.11261856503214,0.316191408793438,0.995226959676959
"304","OEU21536.1","putative L-lactate dehydrogenase protein [Fragilariopsis cylindrus CCMP1102]",0.224609629706075,11.132689888076,1.10757309372407,0.317130263512087,0.995226959676959
"305","OEU13749.1","chlorophyll a/b-binding protein [Fragilariopsis cylindrus CCMP1102]",-0.637577382223127,9.58633877962688,1.10802875789439,0.317602420108268,0.995226959676959
"306","OEU17069.1","serine hydroxymethyltransferase [Fragilariopsis cylindrus CCMP1102]",0.362963119538341,9.66747588733816,1.89128244520713,0.318367788544351,0.995226959676959
"307","OEU09461.1","NAD(P)-binding protein [Fragilariopsis cylindrus CCMP1102]",0.19354007433714,11.3832206175217,1.10068378832135,0.318565044496549,0.995226959676959
"308","OEU09950.1","glycoside hydrolase [Fragilariopsis cylindrus CCMP1102]",0.527489790942382,8.68052627193747,2.14259383681401,0.319023500542938,0.995226959676959
"309","OEU23724.1","putative mitochondrial dicarboxylate carrier [Fragilariopsis cylindrus CCMP1102]",-0.781804238022191,10.4114219519682,1.09212179176795,0.32092428384065,0.995226959676959
"310","OEU10161.1","heat shock protein 70 [Fragilariopsis cylindrus CCMP1102]",0.223815897419861,10.9121322637118,1.10184956128457,0.323016950405569,0.995226959676959
"311","OEU16215.1","hypothetical protein FRACYDRAFT_208094 [Fragilariopsis cylindrus CCMP1102]",0.394031075543362,9.55220576372288,2.02341766792146,0.324053851734335,0.995226959676959
"312","OEU20053.1","hypothetical protein FRACYDRAFT_236117 [Fragilariopsis cylindrus CCMP1102]",0.353816615353079,9.63530724406883,1.65122365703701,0.324349427741777,0.995226959676959
"313","OEU16283.1","hypothetical protein FRACYDRAFT_275315 [Fragilariopsis cylindrus CCMP1102]",-0.369594605820426,9.72130923162466,1.86018653333269,0.325768424599499,0.995226959676959
"314","1773362825","ribosomal protein L2 (chloroplast) [Fragilariopsis cylindrus]",0.421464513540743,9.06836765156625,2.30704310537527,0.326404874620013,0.995226959676959
"315","OEU15875.1","hypothetical protein FRACYDRAFT_240571 [Fragilariopsis cylindrus CCMP1102]",-0.223078158953958,10.8879300627532,1.08707619987556,0.329283819913631,0.995226959676959
"316","OEU13721.1","glutathione synthetase ATP-binding domain-like protein [Fragilariopsis cylindrus CCMP1102]",0.187444425867696,11.8938637103303,1.04540030777621,0.330427660125708,0.995226959676959
"317","OEU19041.1","FAD dependent oxidoreductase, partial [Fragilariopsis cylindrus CCMP1102]",-0.533247864586058,8.88111966631953,1.70725298558769,0.331299733178673,0.995226959676959
"318","OEU12934.1","bicarbonate transporter [Fragilariopsis cylindrus CCMP1102]",-0.411678174729798,9.34759320238349,1.362676289161,0.331529923016836,0.995226959676959
"319","OEU18675.1","hypothetical protein FRACYDRAFT_236954 [Fragilariopsis cylindrus CCMP1102]",-0.286968011167628,10.263874675814,1.03700583802764,0.332285128738287,0.995226959676959
"320","OEU12434.1","hypothetical protein FRACYDRAFT_270636 [Fragilariopsis cylindrus CCMP1102]",-0.789283328059812,9.71813131171247,1.03890363444361,0.332413783999753,0.995226959676959
"321","OEU22176.1","hypothetical protein FRACYDRAFT_267179, partial [Fragilariopsis cylindrus CCMP1102]",0.388146055913401,9.31719585273881,1.43892257848892,0.335787748706847,0.995226959676959
"322","OEU08578.1","putative heat shock protein 70, partial [Fragilariopsis cylindrus CCMP1102]",-0.546669160578749,8.74853934180728,2.30495126182045,0.336194103691328,0.995226959676959
"323","OEU17339.1","ribosomal protein S25 [Fragilariopsis cylindrus CCMP1102]",-0.557113792659635,10.0925473450195,1.02175326887284,0.336245099615323,0.995226959676959
"324","OEU09346.1","zeta-carotene desaturase [Fragilariopsis cylindrus CCMP1102]",-0.679447739606355,9.12484025320555,1.01953701191834,0.336744944365839,0.995226959676959
"325","OEU17433.1","Homoserine_dh-domain-containing protein [Fragilariopsis cylindrus CCMP1102]",-0.428776433589493,9.21334595431724,1.52719162871324,0.336896658692476,0.995226959676959
"326","OEU22432.1","putative carboxylesterase, partial [Fragilariopsis cylindrus CCMP1102]",-0.806801643617835,7.87052818209273,2.31371655786301,0.337346297009277,0.995226959676959
"327","OEU14107.1","hypothetical protein FRACYDRAFT_210104 [Fragilariopsis cylindrus CCMP1102]",-0.371605514347887,9.54180066168005,1.27114222361587,0.337750877690079,0.995226959676959
"328","OEU18506.1","ARM repeat-containing protein, partial [Fragilariopsis cylindrus CCMP1102]",-0.610684956241192,10.6320275574725,1.00662098852679,0.339679919659573,0.995226959676959
"329","OEU06190.1","hypothetical protein FRACYDRAFT_136626, partial [Fragilariopsis cylindrus CCMP1102]",0.400129444216869,9.18727721556217,2.15937448747356,0.341890903149262,0.995226959676959
"330","OEU19150.1","thioredoxin-domain-containing protein [Fragilariopsis cylindrus CCMP1102]",0.442391380011671,8.95215641073282,1.46826048525049,0.343310592037912,0.995226959676959
"331","OEU18629.1","Isocitrate/Isopropylmalate dehydrogenase-like protein [Fragilariopsis cylindrus CCMP1102]",0.604094492028743,8.41065364557977,2.80598798119654,0.344129063518718,0.995226959676959
"332","OEU17061.1","thioredoxin f [Fragilariopsis cylindrus CCMP1102]",0.451225329404796,9.68353886264533,0.985354677019285,0.34415957004506,0.995226959676959
"333","OEU10880.1","WD40 repeat-like protein [Fragilariopsis cylindrus CCMP1102]",0.362484723789799,9.43836478730945,1.27225917117605,0.344768791026955,0.995226959676959
"334","OEU10807.1","3-beta hydroxysteroid dehydrogenase/isomerase [Fragilariopsis cylindrus CCMP1102]",0.527816594170945,9.17179747609748,0.981872660366128,0.344975235955896,0.995226959676959
"335","OEU14527.1","hypothetical protein FRACYDRAFT_218563 [Fragilariopsis cylindrus CCMP1102]",-0.283850483032769,10.47972394286,1.4941677131884,0.345018060431141,0.995226959676959
"336","OEU20457.1","NAD(P)-binding protein [Fragilariopsis cylindrus CCMP1102]",-0.572556408968169,9.57095592134029,0.981754361722985,0.345438211255267,0.995226959676959
"337","OEU16482.1","prohibitin 2 [Fragilariopsis cylindrus CCMP1102]",-0.394092411166636,10.4058605303138,0.978838571650676,0.3456883167673,0.995226959676959
"338","OEU08838.1","EF-hand [Fragilariopsis cylindrus CCMP1102]",-0.245920968537821,10.9812575409397,0.973471547945116,0.346855580460522,0.995226959676959
"339","OEU20894.1","hypothetical protein FRACYDRAFT_234527 [Fragilariopsis cylindrus CCMP1102]",-0.410723208533379,9.18270501410621,1.31930119333418,0.348491981048471,0.995226959676959
"340","OEU17245.1","hypothetical protein FRACYDRAFT_225189 [Fragilariopsis cylindrus CCMP1102]",0.588465396187438,8.55489738993537,2.12653924200824,0.34888421514592,0.995226959676959
"341","OEU15584.1","hypothetical protein FRACYDRAFT_240277 [Fragilariopsis cylindrus CCMP1102]",0.235774822376417,10.5490088451222,1.14156501946038,0.349847993463827,0.995226959676959
"342","OEU14699.1","RNA-binding domain-containing protein [Fragilariopsis cylindrus CCMP1102]",-0.431950518105985,9.14483988039114,2.05613486969257,0.349869550556928,0.995226959676959
"343","OEU17609.1","hypothetical protein FRACYDRAFT_238032 [Fragilariopsis cylindrus CCMP1102]",-0.426076530416637,9.25993852748651,1.04587642367185,0.350446269687797,0.995226959676959
"344","OEU20329.1","hypothetical protein FRACYDRAFT_236404 [Fragilariopsis cylindrus CCMP1102]",-0.493251697494223,9.10967583280524,1.07173589653185,0.351339497385447,0.995226959676959
"345","OEU22894.1","plus-3-domain-containing protein [Fragilariopsis cylindrus CCMP1102]",-0.292094334667427,10.0994597425357,0.953047388288563,0.351740988090002,0.995226959676959
"346","OEU19598.1","hypothetical protein FRACYDRAFT_235658 [Fragilariopsis cylindrus CCMP1102]",0.513872770985391,9.46000141893878,0.951439580996908,0.352228291539038,0.995226959676959
"347","OEU13605.1","hypothetical protein FRACYDRAFT_269879 [Fragilariopsis cylindrus CCMP1102]",0.320601771892033,9.86512983624133,0.950423810909814,0.352375973719456,0.995226959676959
"348","OEU12277.1","hypothetical protein FRACYDRAFT_210981 [Fragilariopsis cylindrus CCMP1102]",0.270518077040299,10.2835464540361,1.50727167255261,0.354252528892615,0.995226959676959
"349","OEU16000.1","putative thioredoxin-disulfide reductase [Fragilariopsis cylindrus CCMP1102]",0.447763049744048,8.98206561180241,1.17501598158672,0.357850822302595,0.995226959676959
"350","OEU22777.1","2-oxoacid_dh-domain-containing protein [Fragilariopsis cylindrus CCMP1102]",0.34323449021501,9.56629638344188,1.95958441580016,0.3581223610013,0.995226959676959
"351","OEU16639.1","L domain-like protein [Fragilariopsis cylindrus CCMP1102]",0.374748313913996,9.67529486953087,0.923368977899618,0.359025457937565,0.995226959676959
"352","OEU22078.1","periplasmic binding protein-like II [Fragilariopsis cylindrus CCMP1102]",0.600421240095252,8.27466393673307,1.51965506963431,0.359141325954059,0.995226959676959
"353","OEU08345.1","hypothetical protein FRACYDRAFT_271807 [Fragilariopsis cylindrus CCMP1102]",0.544092692416807,8.64525233406593,0.918031289849467,0.360456223062487,0.995226959676959
"354","OEU21485.1","Cys_Met_Meta_PP-domain-containing protein [Fragilariopsis cylindrus CCMP1102]",-0.463305799816737,8.72432857328261,1.26189443096363,0.360716209032204,0.995226959676959
"355","OEU20516.1","initiation factor 2 [Fragilariopsis cylindrus CCMP1102]",0.433468631441091,9.18812789628578,1.42851707561899,0.361597723190545,0.995226959676959
"356","OEU21928.1","protein serine/threonine phosphatase 2C [Fragilariopsis cylindrus CCMP1102]",-0.187529043040425,11.100209680867,1.04763352247709,0.362004948645698,0.995226959676959
"357","OEU18998.1","protein disulfide-isomerase-like protein EhSep2 precursor [Fragilariopsis cylindrus CCMP1102]",0.539433853638254,8.59896851635538,1.1873987834733,0.362179938696985,0.995226959676959
"358","OEU12426.1","NAD(P)-binding protein [Fragilariopsis cylindrus CCMP1102]",0.611545858864047,8.24662332477812,1.74519643960246,0.36294110194114,0.995226959676959
"359","OEU20087.1","hypothetical protein FRACYDRAFT_268171, partial [Fragilariopsis cylindrus CCMP1102]",-0.258019786558153,10.2902793464887,0.941124162644855,0.364549542807128,0.995226959676959
"360","OEU17936.1","hypothetical protein FRACYDRAFT_183902 [Fragilariopsis cylindrus CCMP1102]",-0.475160534835721,9.71968778557711,0.897944726006995,0.365543375278649,0.995226959676959
"361","OEU17274.1","proteasome-domain-containing protein [Fragilariopsis cylindrus CCMP1102]",0.454959307023082,11.7361445846289,0.898350263107372,0.36585596183312,0.995226959676959
"362","OEU18654.1","Lysyl-tRNA synthetase [Fragilariopsis cylindrus CCMP1102]",-0.478337335329636,8.78359129686143,2.28778027591678,0.365874985142963,0.995226959676959
"363","OEU06796.1","hypothetical protein FRACYDRAFT_253308 [Fragilariopsis cylindrus CCMP1102]",-0.430931504338797,9.0219294537411,2.25095016735166,0.36973794764455,0.995226959676959
"364","OEU17610.1","N-terminal nucleophile aminohydrolase [Fragilariopsis cylindrus CCMP1102]",0.400512268780945,9.13092694771966,2.27249459932808,0.370341234939225,0.995226959676959
"365","OEU09432.1","clathrin adaptor, mu subunit [Fragilariopsis cylindrus CCMP1102]",0.230185004685983,10.5441456052789,1.30363155724338,0.370875170146248,0.995226959676959
"366","OEU18900.1","hypothetical protein FRACYDRAFT_182579 [Fragilariopsis cylindrus CCMP1102]",0.381171073907017,9.52131354610902,1.91918399585748,0.37096196114689,0.995226959676959
"367","OEU09720.1","eukaryotic initiation factor [Fragilariopsis cylindrus CCMP1102]",-0.396566156960589,9.23783809078964,2.11740863023949,0.370995396420645,0.995226959676959
"368","OEU16852.1","ribosome protein S3 [Fragilariopsis cylindrus CCMP1102]",-0.461219916044062,9.55770042024788,0.876402898521416,0.371121031598927,0.995226959676959
"369","OEU08420.1","hypothetical protein FRACYDRAFT_264537 [Fragilariopsis cylindrus CCMP1102]",-0.312973740548051,9.66472938104107,1.21659914106215,0.371256817204849,0.995226959676959
"370","OEU17334.1","hypothetical protein FRACYDRAFT_237745 [Fragilariopsis cylindrus CCMP1102]",0.429675031736966,8.8925451772159,2.3038236999213,0.372238617255492,0.995226959676959
"371","OEU12919.1","hypothetical protein FRACYDRAFT_263086 [Fragilariopsis cylindrus CCMP1102]",-0.344113000093862,9.41038561012872,1.24372968786932,0.372893672317213,0.995226959676959
"372","1783488163","translation elongation factor Tu (chloroplast) [Fragilariopsis cylindrus]",-0.427898616710897,10.1054395951219,0.866139833217804,0.373985386984995,0.995226959676959
"373","OEU07611.1","hypothetical protein FRACYDRAFT_251033 [Fragilariopsis cylindrus CCMP1102]",0.404634567250917,9.10312467908387,2.37069759737487,0.375350950663393,0.995226959676959
"374","OEU15623.1","Peptidase_M16-domain-containing protein [Fragilariopsis cylindrus CCMP1102]",-0.359330140600116,9.4193771179845,0.859988739060341,0.375365119480974,0.995226959676959
"375","OEU06448.1","P-loop containing nucleoside triphosphate hydrolase protein [Fragilariopsis cylindrus CCMP1102]",-0.414352809426675,9.10994856644496,1.2802517360937,0.375633756795927,0.995226959676959
"376","OEU21739.1","ATP-dependent hsl protease ATP-binding subunit hslU, partial [Fragilariopsis cylindrus CCMP1102]",0.699751477596067,8.3412693406709,1.63378735117927,0.376195374863672,0.995226959676959
"377","OEU08228.1","hypothetical protein FRACYDRAFT_250015 [Fragilariopsis cylindrus CCMP1102]",0.239283735492587,10.4416539771904,1.09288364046003,0.377128711466855,0.995226959676959
"378","OEU13477.1","hypothetical protein FRACYDRAFT_269834 [Fragilariopsis cylindrus CCMP1102]",0.269724213594177,10.0372958870523,0.945917653811097,0.37733481686897,0.995226959676959
"379","OEU15195.1","ribosomal protein L35Ae [Fragilariopsis cylindrus CCMP1102]",1.15029569237615,10.9549949158129,0.873256104793301,0.37790095600872,0.995226959676959
"380","OEU13204.1","hypothetical protein FRACYDRAFT_241535 [Fragilariopsis cylindrus CCMP1102]",-0.559883160695871,8.36958822564873,2.57196639473874,0.37957556705694,0.995226959676959
"381","OEU08532.1","hypothetical protein FRACYDRAFT_249423 [Fragilariopsis cylindrus CCMP1102]",-0.393518147869706,9.24209190738685,2.03355953531786,0.380682491217561,0.995226959676959
"382","OEU18967.1","transcriptional coactivator/pterin dehydratase, partial [Fragilariopsis cylindrus CCMP1102]",-0.473342491894338,8.90844626731493,1.62186120678771,0.381103458725544,0.995226959676959
"383","OEU07697.1","Ribosomal_L14e-domain-containing protein [Fragilariopsis cylindrus CCMP1102]",0.339849838422697,10.3798969668066,0.838670599408783,0.381209034937013,0.995226959676959
"384","OEU18614.1","hypothetical protein FRACYDRAFT_207076 [Fragilariopsis cylindrus CCMP1102]",0.541804719778256,8.49739904049166,1.35055811445952,0.382644715569443,0.995226959676959
"385","OEU17415.1","hypothetical protein FRACYDRAFT_268687 [Fragilariopsis cylindrus CCMP1102]",-0.473375203794622,9.06145205824112,1.42316903798306,0.382817713104634,0.995226959676959
"386","OEU13240.1","ribosome releasing factor [Fragilariopsis cylindrus CCMP1102]",0.275657303335389,10.1715798308795,0.823228601667709,0.385368266648703,0.995226959676959
"387","OEU18391.1","S-adenosyl methionine synthetase [Fragilariopsis cylindrus CCMP1102]",0.292947195832181,9.89095224053241,1.22262869760645,0.386061204650102,0.995226959676959
"388","OEU12137.1","IMP-specific 5-nucleotidase [Fragilariopsis cylindrus CCMP1102]",0.389091389245627,9.01118128058065,1.81226585709018,0.38774451878029,0.995226959676959
"389","OEU12223.1","ATP synthase subunit A [Fragilariopsis cylindrus CCMP1102]",0.359402122906531,10.365171714227,0.808677257408729,0.389552248614012,0.995226959676959
"390","OEU22428.1","hypothetical protein FRACYDRAFT_232587 [Fragilariopsis cylindrus CCMP1102]",0.364076754341745,9.27955663673787,2.06748940328196,0.392773837846661,0.995226959676959
"391","OEU15816.1","L30e-like protein [Fragilariopsis cylindrus CCMP1102]",0.474230542414193,10.2666674125278,0.797910250689846,0.392981141514278,0.995226959676959
"392","OEU13639.1","cullin-like protein 1 [Fragilariopsis cylindrus CCMP1102]",-0.469481758573429,9.5258572962306,0.792347034573387,0.394183806877273,0.995226959676959
"393","OEU09494.1","beta and beta-prime subunits of DNA dependent RNA-polymerase [Fragilariopsis cylindrus CCMP1102]",0.37892316112293,9.16476992145116,1.50978654082227,0.394646079090615,0.995226959676959
"394","OEU10945.1","phospholipid-translocating P-type ATPase [Fragilariopsis cylindrus CCMP1102]",0.242542282424171,10.3389946840728,1.10474601897815,0.395356943619465,0.995226959676959
"395","OEU11786.1","phenylalanyl-tRNA synthetase [Fragilariopsis cylindrus CCMP1102]",-0.331637554511302,9.41830049437096,1.34748331942643,0.395577155439928,0.995226959676959
"396","OEU23726.1","aconitate hydratase [Fragilariopsis cylindrus CCMP1102]",0.473131441811344,9.3197219259841,0.78205402462524,0.397415360947887,0.995226959676959
"397","OEU20146.1","riboflavin synthase, partial [Fragilariopsis cylindrus CCMP1102]",-0.394912632226195,9.11134799747309,1.79341973984944,0.397596996673782,0.995226959676959
"398","OEU16579.1","hypothetical protein FRACYDRAFT_208358 [Fragilariopsis cylindrus CCMP1102]",0.608874641322261,8.44230378632323,0.781877937158392,0.397598818275505,0.995226959676959
"399","1783488219","cytochrome f (chloroplast) [Fragilariopsis cylindrus]",-0.353949403014003,9.40729283535797,0.973943448913968,0.400062713552351,0.995226959676959
"400","OEU17197.1","hypothetical protein FRACYDRAFT_268614, partial [Fragilariopsis cylindrus CCMP1102]",0.181384883208506,10.9901417653936,0.769260335671392,0.400821099190938,0.995226959676959
"401","OEU17680.1","ribosomal protein L3 [Fragilariopsis cylindrus CCMP1102]",0.33632482581355,9.37161133722634,1.03848831950015,0.401530958504124,0.995226959676959
"402","OEU15753.1","hypothetical protein FRACYDRAFT_187021 [Fragilariopsis cylindrus CCMP1102]",0.619965379392617,8.11349188202117,2.49047936581392,0.40167417989915,0.995226959676959
"403","OEU12483.1","hypothetical protein FRACYDRAFT_243734 [Fragilariopsis cylindrus CCMP1102]",0.472804198317923,8.57611911261601,1.94430306753124,0.402404274624777,0.995226959676959
"404","OEU18049.1","hypothetical protein FRACYDRAFT_261049 [Fragilariopsis cylindrus CCMP1102]",0.306579249677182,9.58885220753748,1.13051870957488,0.404274784809121,0.995226959676959
"405","OEU19535.1","hypothetical protein FRACYDRAFT_206523 [Fragilariopsis cylindrus CCMP1102]",-0.382607180518996,9.30989035973506,0.982966863759085,0.405437334938368,0.995226959676959
"406","OEU16801.1","MCM-domain-containing protein, partial [Fragilariopsis cylindrus CCMP1102]",0.188216722013983,11.4839818622716,0.752996249761364,0.405669211818758,0.995226959676959
"407","OEU09294.1","carbohydrate phosphatase [Fragilariopsis cylindrus CCMP1102]",-0.219694430041866,10.6531940476379,0.936739993377589,0.406607724426717,0.995226959676959
"408","OEU21920.1","hypothetical protein FRACYDRAFT_223203 [Fragilariopsis cylindrus CCMP1102]",0.45174593308487,8.70500396417339,1.61712005730096,0.408119967464038,0.995226959676959
"409","OEU13398.1","ATP-dependent metallopeptidase Hfl [Fragilariopsis cylindrus CCMP1102]",0.36026461891253,9.13774565088878,0.878696376298124,0.409367668529381,0.995226959676959
"410","OEU18415.1","hypothetical protein FRACYDRAFT_260378 [Fragilariopsis cylindrus CCMP1102]",0.251269251581012,10.2510278431442,0.902021621162685,0.409938156907855,0.995226959676959
"411","OEU16565.1","hypothetical protein FRACYDRAFT_239160 [Fragilariopsis cylindrus CCMP1102]",-0.33144626239469,9.3648872888404,0.805349723728889,0.410909740527062,0.995226959676959
"412","OEU15111.1","Peptidase_C14-domain-containing protein [Fragilariopsis cylindrus CCMP1102]",0.335496164365535,9.34694113958682,1.16277796646194,0.411336158591732,0.995226959676959
"413","OEU10998.1","RNA-binding domain-containing protein [Fragilariopsis cylindrus CCMP1102]",-0.435208893051718,8.86552525220762,0.733534503929963,0.411679672063581,0.995226959676959
"414","OEU17549.1","Adaptor protein complex AP-1 gamma subunit [Fragilariopsis cylindrus CCMP1102]",-0.417617947577151,9.26967237795795,1.06196717198526,0.4122125956243,0.995226959676959
"415","OEU20872.1","hypothetical protein FRACYDRAFT_234504 [Fragilariopsis cylindrus CCMP1102]",0.328134202339428,9.22093596132603,0.743263649894103,0.412472790093237,0.995226959676959
"416","OEU08331.1","leucyl-tRNA synthetase [Fragilariopsis cylindrus CCMP1102]",-0.232017742290961,10.329321479075,0.858039335161239,0.412530786947801,0.995226959676959
"417","OEU09957.1","ARM repeat-containing protein [Fragilariopsis cylindrus CCMP1102]",0.382703179305094,9.05911504107574,1.92918150860906,0.413452806233651,0.995226959676959
"418","OEU13516.1","hypothetical protein FRACYDRAFT_262284 [Fragilariopsis cylindrus CCMP1102]",0.342242631951858,9.79162643879959,0.726712950748281,0.413788540201422,0.995226959676959
"419","OEU08944.1","ABC_tran-domain-containing protein [Fragilariopsis cylindrus CCMP1102]",-0.308061598053349,9.65725521587917,1.17441101377221,0.413835985853775,0.995226959676959
"420","1773362812","60 kDa chaperonin (chloroplast) [Fragilariopsis cylindrus]",0.30313816453103,9.58263638258579,0.746472110510136,0.414280870706359,0.995226959676959
"421","OEU21196.1","Adaptor protein complex beta subunit, partial [Fragilariopsis cylindrus CCMP1102]",0.430473801647873,8.83645777088581,1.41080338515216,0.414304229085784,0.995226959676959
"422","OEU15519.1","eIF-5_eIF-2B-domain-containing protein [Fragilariopsis cylindrus CCMP1102]",-0.868357666613893,8.78824748927382,0.722888477734973,0.415349827315978,0.995226959676959
"423","OEU10157.1","hypothetical protein FRACYDRAFT_277206 [Fragilariopsis cylindrus CCMP1102]",0.520900573029655,8.2533225571398,1.30808350331597,0.415950043181143,0.995226959676959
"424","OEU22692.1","hypothetical protein FRACYDRAFT_223568 [Fragilariopsis cylindrus CCMP1102]",0.196178075581644,10.7015260667742,1.08816699610166,0.416208634014882,0.995226959676959
"425","OEU21184.1","3-deoxy-7-phosphoheptulonate synthase [Fragilariopsis cylindrus CCMP1102]",-0.342738997852079,9.38151070818106,1.49592356557208,0.41630573274824,0.995226959676959
"426","OEU23729.1","4-Diphosphocytidyl-2-C-methyl-D-erythritol synthase [Fragilariopsis cylindrus CCMP1102]",-0.237179211580383,10.1320672685225,1.29725896136374,0.417124102958387,0.995226959676959
"427","OEU23440.1","hypothetical protein FRACYDRAFT_267539 [Fragilariopsis cylindrus CCMP1102]",-0.286050910990614,9.79810112934207,1.12802761467886,0.417628252378714,0.995226959676959
"428","OEU14479.1","DPPIV_N-domain-containing protein [Fragilariopsis cylindrus CCMP1102]",-0.358512345373376,9.08470336085761,0.887220368480896,0.417917438049008,0.995226959676959
"429","OEU18517.1","hypothetical protein FRACYDRAFT_260427 [Fragilariopsis cylindrus CCMP1102]",0.250449779025082,10.5105292372022,0.712620997008329,0.418115647172907,0.995226959676959
"430","1783488206","ferredoxin (chloroplast) [Fragilariopsis cylindrus]",0.538733695226567,10.2256466550209,0.71311499292393,0.418412958698753,0.995226959676959
"431","OEU20070.1","putative acetyl-CoA acyltransferase [Fragilariopsis cylindrus CCMP1102]",0.414435737308144,9.79859484684733,0.710146631620732,0.418982669461233,0.995226959676959
"432","OEU17018.1","valyl-tRNA synthetase [Fragilariopsis cylindrus CCMP1102]",-0.276478137114995,10.3540235104658,0.709177795847575,0.419205311374118,0.995226959676959
"433","OEU23741.1","phosphofructokinase [Fragilariopsis cylindrus CCMP1102]",0.362118523170936,9.21105451665801,1.26076979725314,0.419457340865939,0.995226959676959
"434","OEU16448.1","hypothetical protein FRACYDRAFT_162281, partial [Fragilariopsis cylindrus CCMP1102]",0.574281657146692,8.06422079302843,1.53006937514868,0.419753946729723,0.995226959676959
"435","OEU18623.1","TPR-like protein [Fragilariopsis cylindrus CCMP1102]",0.348874905074842,9.06533417714562,0.848235049118218,0.420180334747033,0.995226959676959
"436","OEU21106.1","ArfGap-domain-containing protein [Fragilariopsis cylindrus CCMP1102]",-0.417834235606601,8.89157520558332,1.67363814405065,0.422320477244165,0.995226959676959
"437","OEU15364.1","UAF-1 protein [Fragilariopsis cylindrus CCMP1102]",0.339115122093633,9.34756632958228,1.3546754873752,0.42364952788935,0.995226959676959
"438","OEU14988.1","Brix-domain-containing protein [Fragilariopsis cylindrus CCMP1102]",-0.438326991808574,8.69667901606639,0.838646097913859,0.42411417923362,0.995226959676959
"439","OEU12443.1","hypothetical protein FRACYDRAFT_243694 [Fragilariopsis cylindrus CCMP1102]",0.719231960999412,7.95308468254485,1.75805080603507,0.42618829126742,0.995226959676959
"440","OEU13767.1","Coatomer, alpha subunit [Fragilariopsis cylindrus CCMP1102]",-0.201918007482594,10.4963092826897,0.900262227858206,0.427889353464103,0.995226959676959
"441","OEU08339.1","60S ribosomal protein L34 [Fragilariopsis cylindrus CCMP1102]",-0.641335563407045,8.93899568700537,0.679768083144712,0.429144239032952,0.995226959676959
"442","OEU18067.1","hypothetical protein FRACYDRAFT_268859 [Fragilariopsis cylindrus CCMP1102]",-0.515650564165469,8.17365716094787,1.29254919376417,0.429669786043846,0.995226959676959
"443","OEU07692.1","hypothetical protein FRACYDRAFT_271909 [Fragilariopsis cylindrus CCMP1102]",0.449960811135365,9.7953736642112,0.677707960459563,0.429699434895359,0.995226959676959
"444","OEU16122.1","RecF/RecN/SMC protein [Fragilariopsis cylindrus CCMP1102]",-0.295460562611505,9.75309892225046,0.675110471210139,0.430238823815348,0.995226959676959
"445","OEU09453.1","hypothetical protein FRACYDRAFT_271345 [Fragilariopsis cylindrus CCMP1102]",0.337406027708902,9.16729428493039,0.867533358028907,0.431632628883976,0.995226959676959
"446","OEU09288.1","phosphoserine aminotransferase [Fragilariopsis cylindrus CCMP1102]",0.352070671658479,9.20033854448181,0.854371606329167,0.432025724279839,0.995226959676959
"447","OEU12319.1","adenosine kinase 1 [Fragilariopsis cylindrus CCMP1102]",-0.32674697413082,9.79259918708964,0.668888566247747,0.432304979750786,0.995226959676959
"448","OEU08993.1","hypothetical protein FRACYDRAFT_264483 [Fragilariopsis cylindrus CCMP1102]",-0.430440173307868,8.67523288980447,1.85870665656523,0.432318797473636,0.995226959676959
"449","OEU12365.1","carotenoid oxygenase [Fragilariopsis cylindrus CCMP1102]",-0.28193095026415,9.67367753505464,0.908311646104098,0.432656414238944,0.995226959676959
"450","OEU11749.1","hypothetical protein FRACYDRAFT_244872 [Fragilariopsis cylindrus CCMP1102]",0.310785892877177,9.41237925144149,0.992083320977871,0.433084406665389,0.995226959676959
"451","OEU12391.1","40S ribosomal protein S23 [Fragilariopsis cylindrus CCMP1102]",0.367435501477222,9.01609732016723,1.16737752533345,0.433197313579463,0.995226959676959
"452","1783488222","photosystem I protein L (chloroplast) [Fragilariopsis cylindrus]",-0.370602315173727,9.09663200383102,0.681422316499793,0.433573606011597,0.995226959676959
"453","OEU10557.1","P-loop containing nucleoside triphosphate hydrolase protein [Fragilariopsis cylindrus CCMP1102]",0.32878503051988,9.61853793337699,0.664128866689927,0.433896561554192,0.995226959676959
"454","1783488235","ribosomal protein L12 (chloroplast) [Fragilariopsis cylindrus]",0.360607435355693,9.05734848204758,1.74599878816672,0.434226527526717,0.995226959676959
"455","OEU14567.1","hypothetical protein FRACYDRAFT_241115 [Fragilariopsis cylindrus CCMP1102]",0.422464453881397,8.56906436312478,1.93110228408932,0.434491520860961,0.995226959676959
"456","OEU09403.1","fucoxanthin chlorophyll a/c-binding protein precursor [Fragilariopsis cylindrus CCMP1102]",0.477781645749392,11.2420202653221,0.663493342496222,0.434545521255088,0.995226959676959
"457","OEU21590.1","fucoxanthin chlorophyll a/c binding protein [Fragilariopsis cylindrus CCMP1102]",-0.204759839422001,10.8113863963354,0.661321644885449,0.434839772276513,0.995226959676959
"458","1773362841","ribosomal protein S12 (chloroplast) [Fragilariopsis cylindrus]",-0.464138555868585,8.50747149874641,1.84286429466312,0.435299122407203,0.995226959676959
"459","OEU14477.1","hypothetical protein FRACYDRAFT_269591 [Fragilariopsis cylindrus CCMP1102]",-0.432374823076812,8.71366463471995,0.842579124134066,0.435880868379739,0.995226959676959
"460","OEU13746.1","alanyl-tRNA synthetase, cytoplasmic [Fragilariopsis cylindrus CCMP1102]",-0.322823291382335,9.3745467686985,0.984578308281237,0.436385518857945,0.995226959676959
"461","1783488216","hypothetical protein (chloroplast) [Fragilariopsis cylindrus]",0.39338278142437,9.01829841766225,0.756966859280648,0.436667885922632,0.995226959676959
"462","OEU16909.1","hypothetical protein FRACYDRAFT_156996, partial [Fragilariopsis cylindrus CCMP1102]",-0.318627980236692,9.32557554324379,0.768437368499498,0.436838202759503,0.995226959676959
"463","OEU20595.1","chlorophyll a/b-binding protein [Fragilariopsis cylindrus CCMP1102]",0.230940266586627,10.3246944837996,0.654703209726489,0.437076919400776,0.995226959676959
"464","OEU16470.1","hypothetical protein FRACYDRAFT_239061 [Fragilariopsis cylindrus CCMP1102]",0.310987161107523,9.46764263195895,0.973240667507601,0.437840106395447,0.995226959676959
"465","OEU20496.1","hypothetical protein FRACYDRAFT_216497 [Fragilariopsis cylindrus CCMP1102]",0.502841781863757,8.59951197453343,1.27409483609745,0.438167122290409,0.995226959676959
"466","OEU13400.1","PLP-dependent transferase [Fragilariopsis cylindrus CCMP1102]",0.292382661324591,9.40245243819043,0.65015241316692,0.438626192012442,0.995226959676959
"467","OEU19974.1","Sec7-domain-containing protein [Fragilariopsis cylindrus CCMP1102]",-0.52416494942402,8.38701600650962,1.01127122694032,0.440435385011392,0.995226959676959
"468","OEU18943.1","Aldo/keto reductase [Fragilariopsis cylindrus CCMP1102]",0.237446765773305,10.2736292620927,0.6390299974439,0.442451147506036,0.995226959676959
"469","OEU17343.1","AAA ATPase [Fragilariopsis cylindrus CCMP1102]",0.257603924785755,10.8340370793881,0.638427407304616,0.442659953142371,0.995226959676959
"470","OEU14082.1","hypothetical protein FRACYDRAFT_210096 [Fragilariopsis cylindrus CCMP1102]",0.307578330169691,9.56775504787142,0.906261511665634,0.442811595653106,0.995226959676959
"471","OEU10096.1","P-loop containing nucleoside triphosphate hydrolase protein [Fragilariopsis cylindrus CCMP1102]",-0.67324898636768,7.91444405250829,0.83636427355649,0.44498296039366,0.995226959676959
"472","OEU08045.1","hypothetical protein FRACYDRAFT_271833 [Fragilariopsis cylindrus CCMP1102]",0.161019983095699,11.3046490053251,0.806960311441098,0.445355297803338,0.995226959676959
"473","OEU10277.1","NAD(P)-binding protein [Fragilariopsis cylindrus CCMP1102]",0.396104908663758,8.71283704174963,0.76664588360074,0.446264240120412,0.995226959676959
"474","OEU09641.1","major intrinsic protein family transmembrane channel [Fragilariopsis cylindrus CCMP1102]",0.430243837582834,8.51692809521985,1.26548768574565,0.446306071647418,0.995226959676959
"475","OEU11189.1","hypothetical protein FRACYDRAFT_141549, partial [Fragilariopsis cylindrus CCMP1102]",0.53657154614489,8.01009825593882,1.77815422472513,0.44632361007121,0.995226959676959
"476","OEU06361.1","hypothetical protein FRACYDRAFT_254796 [Fragilariopsis cylindrus CCMP1102]",0.466487532734855,8.45747214595184,0.904258873694854,0.446735888417421,0.995226959676959
"477","OEU08446.1","hypothetical protein FRACYDRAFT_271692 [Fragilariopsis cylindrus CCMP1102]",0.421289482846278,8.76420988103692,1.29562233477516,0.447386520799426,0.995226959676959
"478","OEU22342.1","hypothetical protein FRACYDRAFT_223400 [Fragilariopsis cylindrus CCMP1102]",0.490923353107541,8.49187166024488,1.24628942744684,0.447793609823417,0.995226959676959
"479","OEU19211.1","1-deoxy-D-xylulose 5-phosphate synthase [Fragilariopsis cylindrus CCMP1102]",-0.41492873784382,8.65198034304219,0.994726162367441,0.448120207518961,0.995226959676959
"480","OEU22522.1","hypothetical protein FRACYDRAFT_267303 [Fragilariopsis cylindrus CCMP1102]",0.322118846753103,9.94993078233334,0.620112033621181,0.449163965978211,0.995226959676959
"481","OEU23696.1","Band_7-domain-containing protein, partial [Fragilariopsis cylindrus CCMP1102]",0.43740206303526,8.56777449143513,0.619906236307627,0.449237035820503,0.995226959676959
"482","OEU17524.1","trigger factor [Fragilariopsis cylindrus CCMP1102]",-0.245339678977466,10.2180488133605,0.618237030099852,0.449752222247588,0.995226959676959
"483","OEU13276.1","hypothetical protein FRACYDRAFT_269749, partial [Fragilariopsis cylindrus CCMP1102]",0.392636282607127,8.82848775779194,1.43363433416475,0.45080289315259,0.995226959676959
"484","OEU19178.1","hypothetical protein FRACYDRAFT_237468 [Fragilariopsis cylindrus CCMP1102]",-0.390677993010308,9.47534630072304,0.610379669183249,0.452775021830476,0.995226959676959
"485","OEU14318.1","hypothetical protein FRACYDRAFT_269564 [Fragilariopsis cylindrus CCMP1102]",-0.426966522425906,8.68280836382393,1.40310915712086,0.453293548047987,0.995226959676959
"486","OEU08313.1","hypothetical protein FRACYDRAFT_229252 [Fragilariopsis cylindrus CCMP1102]",-0.185113983679824,10.6625314975366,0.621014046164052,0.453373002511612,0.995226959676959
"487","OEU15655.1","ribosomal protein S2 [Fragilariopsis cylindrus CCMP1102]",-0.173102580963423,11.7518772110674,0.606466698113549,0.453975037574073,0.995226959676959
"488","OEU14968.1","hypothetical protein FRACYDRAFT_287479 [Fragilariopsis cylindrus CCMP1102]",-0.284924991642291,9.68808204118791,1.16422640817525,0.454563960386737,0.995226959676959
"489","OEU13088.1","putative 40S ribosomal protein S19 [Fragilariopsis cylindrus CCMP1102]",0.568405455044263,9.22576171041678,0.604096472178986,0.455247074337183,0.995226959676959
"490","OEU11922.1","putative 40S ribosomal protein S3a [Fragilariopsis cylindrus CCMP1102]",0.285409742488078,9.86565605523246,0.601308160805766,0.455846845934622,0.995226959676959
"491","OEU18940.1","hypothetical protein FRACYDRAFT_207292 [Fragilariopsis cylindrus CCMP1102]",0.276801764351353,9.85934714078842,0.959677933959821,0.4571099130849,0.995226959676959
"492","OEU14822.1","hypothetical protein FRACYDRAFT_275947 [Fragilariopsis cylindrus CCMP1102]",0.289096480739955,10.1510746592531,0.596259939239882,0.457691290084962,0.995226959676959
"493","OEU16041.1","hypothetical protein FRACYDRAFT_238627 [Fragilariopsis cylindrus CCMP1102]",0.234624648303336,10.0143080309608,1.07820065115165,0.459159031298689,0.995226959676959
"494","OEU18412.1","Sec7-domain-containing protein [Fragilariopsis cylindrus CCMP1102]",-0.534339266976519,8.25270782643878,1.76545275511921,0.461380868029581,0.995226959676959
"495","OEU09292.1","chloroplast sedoheptulose-1,7-bisphosphatase [Fragilariopsis cylindrus CCMP1102]",-0.223650334323626,10.0633670335186,0.880714611949196,0.461973844972059,0.995226959676959
"496","OEU15670.1","t-complex protein 1 eta subunit [Fragilariopsis cylindrus CCMP1102]",0.365236693291823,8.92050260790785,0.661984819982527,0.462185664116769,0.995226959676959
"497","OEU07474.1","Band_7-domain-containing protein, partial [Fragilariopsis cylindrus CCMP1102]",0.309833680777659,9.18820274460932,1.08853320676098,0.464168801363818,0.995226959676959
"498","OEU08987.1","T-complex protein 1 subunit gamma [Fragilariopsis cylindrus CCMP1102]",0.244327675653675,10.2914415333341,0.576817737350042,0.464914682246731,0.995226959676959
"499","OEU12645.1","hypothetical protein FRACYDRAFT_243901 [Fragilariopsis cylindrus CCMP1102]",0.191110614674108,10.9646207859326,0.575951224348441,0.465241143274095,0.995226959676959
"500","OEU16201.1","hypothetical protein FRACYDRAFT_225570 [Fragilariopsis cylindrus CCMP1102]",-0.279664476973043,9.43097917890112,0.634229146726129,0.465591301838861,0.995226959676959
